SliferRobertYu-Gi-Oh,Slifer,1000,Robert,TBA,4,Yu-Gi-Oh
Crystal BeastRobertYu-Gi-Oh,Crystal Beast,1000,Robert,TBA,4,Yu-Gi-Oh
DinosaursRobertYu-Gi-Oh,Dinosaurs,1000,Robert,TBA,4,Yu-Gi-Oh
Dark WorldMatYu-Gi-Oh,Dark World,1000,Mat,TBA,4,Yu-Gi-Oh
Dark MagicianMatYu-Gi-Oh,Dark Magician,1000,Mat,TBA,4,Yu-Gi-Oh
SliferOllieYu-Gi-Oh,Slifer,1000,Ollie,TBA,4,Yu-Gi-Oh
Blue EyesOllieYu-Gi-Oh,Blue Eyes,1000,Ollie,TBA,4,Yu-Gi-Oh
Red EyesAlexYu-Gi-Oh,Red Eyes,1000,Alex,TBA,4,Yu-Gi-Oh
ExodiaOllieYu-Gi-Oh,Exodia,1000,Ollie,TBA,4,Yu-Gi-Oh
Cyber DragonOllieYu-Gi-Oh,Cyber Dragon,1000,Ollie,TBA,4,Yu-Gi-Oh
Cyber DragonAlexYu-Gi-Oh,Cyber Dragon,1000,Alex,TBA,4,Yu-Gi-Oh
Noble KnightsAlexYu-Gi-Oh,Noble Knights,1000,Alex,TBA,4,Yu-Gi-Oh
Cyber DragonRobertYu-Gi-Oh,Cyber Dragon,1000,Robert,TBA,4,Yu-Gi-Oh
Odd EyesOllieYu-Gi-Oh,Odd Eyes,1000,Ollie,TBA,4,Yu-Gi-Oh
Odd EyesRobertYu-Gi-Oh,Odd Eyes,1000,Robert,TBA,4,Yu-Gi-Oh
Dark Magician DragonRobertYu-Gi-Oh,Dark Magician Dragon,1000,Robert,TBA,4,Yu-Gi-Oh
Dark Magician DragonOllieYu-Gi-Oh,Dark Magician Dragon,1000,Ollie,TBA,4,Yu-Gi-Oh
Festival LeadRobertPokemon,Festival Lead,1000,Robert,TBA,4,Pokemon
Ancient BoxRobertPokemon,Ancient Box,1000,Robert,TBA,4,Pokemon
United WingsRobertPokemon,United Wings,1000,Robert,TBA,4,Pokemon
Pikachu and FriendsRobertPokemon,Pikachu and Friends,1000,Robert,TBA,4,Pokemon
Sleeping SlakingRobertPokemon,Sleeping Slaking,1000,Robert,TBA,4,Pokemon
Gone FishinRobertPokemon,Gone Fishin,1000,Robert,TBA,4,Pokemon
Toxic GlimmoraRobertPokemon,Toxic Glimmora,1000,Robert,TBA,4,Pokemon
Giritina Lost BoxRobertPokemon,Giritina Lost Box,1000,Robert,TBA,4,Pokemon
Wugtrio MillRobertPokemon,Wugtrio Mill,1000,Robert,TBA,4,Pokemon
JumpluffRobertPokemon,Jumpluff,1000,Robert,TBA,4,Pokemon
Rapid Strike UrshifuRobertPokemon,Rapid Strike Urshifu,1000,Robert,TBA,4,Pokemon
Wailord TankRobertPokemon,Wailord Tank,1000,Robert,TBA,4,Pokemon
LunarockRobertPokemon,Lunarock,1000,Robert,TBA,4,Pokemon
Chien-po exRobertPokemon,Chien-po ex,1000,Robert,TBA,4,Pokemon
Psychic EleganceTallyPokemon,Psychic Elegance,1000,Tally,TBA,4,Pokemon
Giritina VTallyPokemon,Giritina V,1000,Tally,TBA,4,Pokemon
Stonjourer TankRobertPokemon,Stonjourer Tank,1000,Robert,TBA,4,Pokemon
Mewtwo exRobertPokemon,Mewtwo ex,1000,Robert,TBA,4,Pokemon
Exeggutor VRobertPokemon,Exeggutor V,1000,Robert,TBA,4,Pokemon
GroudonRobertPokemon,Groudon,1000,Robert,TBA,4,Pokemon
LunalaRobertPokemon,Lunala,1000,Robert,TBA,4,Pokemon
HoopaRobertPokemon,Hoopa,1000,Robert,TBA,4,Pokemon
SirfetchdRobertPokemon,Sirfetchd,1000,Robert,TBA,4,Pokemon
ChewtleRobertPokemon,Chewtle,1000,Robert,TBA,4,Pokemon
Noivern VRobertPokemon,Noivern V,1000,Robert,TBA,4,Pokemon
Corviknight VRobertPokemon,Corviknight V,1000,Robert,TBA,4,Pokemon
Melmetal VRobertPokemon,Melmetal V,1000,Robert,TBA,4,Pokemon
Victini VRobertPokemon,Victini V,1000,Robert,TBA,4,Pokemon
Pikachu Zekrom GXRobertPokemon,Pikachu Zekrom GX,1000,Robert,TBA,4,Pokemon
Charizard GXRobertPokemon,Charizard GX,1000,Robert,TBA,4,Pokemon
Raichu GXRobertPokemon,Raichu GX,1000,Robert,TBA,4,Pokemon
Mewtwo GXRobertPokemon,Mewtwo GX,1000,Robert,TBA,4,Pokemon
Lurantis GXRobertPokemon,Lurantis GX,1000,Robert,TBA,4,Pokemon
TurtlesTallyPokemon,Turtles,1000,Tally,TBA,4,Pokemon
EmpoleonTallyPokemon,Empoleon,1000,Tally,TBA,4,Pokemon
SeahorseTallyPokemon,Seahorse,1000,Tally,TBA,4,Pokemon
Legendary PokemonRobertCommander,Legendary Pokemon,1000,Robert,TBA,4,Commander
SteelixOlliePokemon,Steelix,1000,Ollie,TBA,4,Pokemon
Realm of LightRobertYu-Gi-Oh,Realm of Light,1000,Robert,TBA,4,Yu-Gi-Oh
DinosaursRobertYu-Gi-Oh,Dinosaurs,1015,Robert,TBA,4,Yu-Gi-Oh
SliferOllieYu-Gi-Oh,Slifer,985,Ollie,TBA,5,Yu-Gi-Oh
DinosaursRobertYu-Gi-Oh,Dinosaurs,1030,Robert,TBA,4,Yu-Gi-Oh
Dark WorldMatYu-Gi-Oh,Dark World,984,Mat,TBA,5,Yu-Gi-Oh
Dark WorldMatYu-Gi-Oh,Dark World,998,Mat,TBA,5,Yu-Gi-Oh
SliferOllieYu-Gi-Oh,Slifer,970,Ollie,TBA,5,Yu-Gi-Oh
SliferRobertYu-Gi-Oh,Slifer,1015,Robert,TBA,4,Yu-Gi-Oh
Blue EyesOllieYu-Gi-Oh,Blue Eyes,985,Ollie,TBA,5,Yu-Gi-Oh
Blue EyesOllieYu-Gi-Oh,Blue Eyes,999,Ollie,TBA,5,Yu-Gi-Oh
Dark WorldMatYu-Gi-Oh,Dark World,983,Mat,TBA,5,Yu-Gi-Oh
Crystal BeastRobertYu-Gi-Oh,Crystal Beast,1015,Robert,TBA,4,Yu-Gi-Oh
Dark WorldMatYu-Gi-Oh,Dark World,967,Mat,TBA,5,Yu-Gi-Oh
Crystal BeastRobertYu-Gi-Oh,Crystal Beast,1032,Robert,TBA,4,Yu-Gi-Oh
Dark WorldMatYu-Gi-Oh,Dark World,949,Mat,TBA,5,Yu-Gi-Oh
Dark Magician DragonRobertYu-Gi-Oh,Dark Magician Dragon,1015,Robert,TBA,4,Yu-Gi-Oh
Cyber DragonRobertYu-Gi-Oh,Cyber Dragon,985,Robert,TBA,5,Yu-Gi-Oh
Cyber DragonRobertYu-Gi-Oh,Cyber Dragon,998,Robert,TBA,5,Yu-Gi-Oh
Dark Magician DragonRobertYu-Gi-Oh,Dark Magician Dragon,1001,Robert,TBA,4,Yu-Gi-Oh
Cyber DragonRobertYu-Gi-Oh,Cyber Dragon,1012,Robert,TBA,4,Yu-Gi-Oh
Dark Magician DragonRobertYu-Gi-Oh,Dark Magician Dragon,986,Robert,TBA,5,Yu-Gi-Oh
Realm of LightRobertYu-Gi-Oh,Realm of Light,1015,Robert,TBA,4,Yu-Gi-Oh
Dark Magician DragonRobertYu-Gi-Oh,Dark Magician Dragon,970,Robert,TBA,5,Yu-Gi-Oh
Dark Magician DragonRobertYu-Gi-Oh,Dark Magician Dragon,983,Robert,TBA,5,Yu-Gi-Oh
Realm of LightRobertYu-Gi-Oh,Realm of Light,1001,Robert,TBA,4,Yu-Gi-Oh
Dark Magician DragonRobertYu-Gi-Oh,Dark Magician Dragon,997,Robert,TBA,5,Yu-Gi-Oh
Realm of LightRobertYu-Gi-Oh,Realm of Light,986,Robert,TBA,5,Yu-Gi-Oh
Crystal BeastRobertYu-Gi-Oh,Crystal Beast,1047,Robert,TBA,4,Yu-Gi-Oh
DinosaursRobertYu-Gi-Oh,Dinosaurs,1014,Robert,TBA,4,Yu-Gi-Oh
Crystal BeastRobertYu-Gi-Oh,Crystal Beast,1063,Robert,TBA,4,Yu-Gi-Oh
DinosaursRobertYu-Gi-Oh,Dinosaurs,997,Robert,TBA,5,Yu-Gi-Oh
Crystal BeastRobertYu-Gi-Oh,Crystal Beast,1080,Robert,TBA,4,Yu-Gi-Oh
DinosaursRobertYu-Gi-Oh,Dinosaurs,979,Robert,TBA,5,Yu-Gi-Oh
SliferRobertYu-Gi-Oh,Slifer,1031,Robert,TBA,4,Yu-Gi-Oh
DinosaursRobertYu-Gi-Oh,Dinosaurs,962,Robert,TBA,5,Yu-Gi-Oh
SliferRobertYu-Gi-Oh,Slifer,1048,Robert,TBA,4,Yu-Gi-Oh
DinosaursRobertYu-Gi-Oh,Dinosaurs,944,Robert,TBA,5,Yu-Gi-Oh
DinosaursRobertYu-Gi-Oh,Dinosaurs,954,Robert,TBA,5,Yu-Gi-Oh
SliferRobertYu-Gi-Oh,Slifer,1037,Robert,TBA,4,Yu-Gi-Oh
SliferRobertYu-Gi-Oh Team,Slifer,1000,Robert,TBA,4,Yu-Gi-Oh Team
Crystal BeastRobertYu-Gi-Oh Team,Crystal Beast,1000,Robert,TBA,4,Yu-Gi-Oh Team
DinosaursRobertYu-Gi-Oh Team,Dinosaurs,1000,Robert,TBA,4,Yu-Gi-Oh Team
Dark WorldMatYu-Gi-Oh Team,Dark World,1000,Mat,TBA,4,Yu-Gi-Oh Team
Dark MagicianMatYu-Gi-Oh Team,Dark Magician,1000,Mat,TBA,4,Yu-Gi-Oh Team
SliferOllieYu-Gi-Oh Team,Slifer,1000,Ollie,TBA,4,Yu-Gi-Oh Team
Blue EyesOllieYu-Gi-Oh Team,Blue Eyes,1000,Ollie,TBA,4,Yu-Gi-Oh Team
Red EyesAlexYu-Gi-Oh Team,Red Eyes,1000,Alex,TBA,4,Yu-Gi-Oh Team
ExodiaOllieYu-Gi-Oh Team,Exodia,1000,Ollie,TBA,4,Yu-Gi-Oh Team
Cyber DragonOllieYu-Gi-Oh Team,Cyber Dragon,1000,Ollie,TBA,4,Yu-Gi-Oh Team
Cyber DragonAlexYu-Gi-Oh Team,Cyber Dragon,1000,Alex,TBA,4,Yu-Gi-Oh Team
Noble KnightsAlexYu-Gi-Oh Team,Noble Knights,1000,Alex,TBA,4,Yu-Gi-Oh Team
Cyber DragonRobertYu-Gi-Oh Team,Cyber Dragon,1000,Robert,TBA,4,Yu-Gi-Oh Team
Odd EyesOllieYu-Gi-Oh Team,Odd Eyes,1000,Ollie,TBA,4,Yu-Gi-Oh Team
Odd EyesRobertYu-Gi-Oh Team,Odd Eyes,1000,Robert,TBA,4,Yu-Gi-Oh Team
Dark Magician DragonRobertYu-Gi-Oh Team,Dark Magician Dragon,1000,Robert,TBA,4,Yu-Gi-Oh Team
Dark Magician DragonOllieYu-Gi-Oh Team,Dark Magician Dragon,1000,Ollie,TBA,4,Yu-Gi-Oh Team
Real of LightRobertYu-Gi-Oh Team,Real of Light,1000,Robert,TBA,4,Yu-Gi-Oh Team
SliferRobertYu-Gi-Oh FFA,Slifer,1000,Robert,TBA,4,Yu-Gi-Oh FFA
Crystal BeastRobertYu-Gi-Oh FFA,Crystal Beast,1000,Robert,TBA,4,Yu-Gi-Oh FFA
DinosaursRobertYu-Gi-Oh FFA,Dinosaurs,1000,Robert,TBA,4,Yu-Gi-Oh FFA
Dark WorldMatYu-Gi-Oh FFA,Dark World,1000,Mat,TBA,4,Yu-Gi-Oh FFA
Dark MagicianMatYu-Gi-Oh FFA,Dark Magician,1000,Mat,TBA,4,Yu-Gi-Oh FFA
SliferOllieYu-Gi-Oh FFA,Slifer,1000,Ollie,TBA,4,Yu-Gi-Oh FFA
Blue EyesOllieYu-Gi-Oh FFA,Blue Eyes,1000,Ollie,TBA,4,Yu-Gi-Oh FFA
Red EyesAlexYu-Gi-Oh FFA,Red Eyes,1000,Alex,TBA,4,Yu-Gi-Oh FFA
ExodiaOllieYu-Gi-Oh FFA,Exodia,1000,Ollie,TBA,4,Yu-Gi-Oh FFA
Cyber DragonOllieYu-Gi-Oh FFA,Cyber Dragon,1000,Ollie,TBA,4,Yu-Gi-Oh FFA
Cyber DragonAlexYu-Gi-Oh FFA,Cyber Dragon,1000,Alex,TBA,4,Yu-Gi-Oh FFA
Noble KnightsAlexYu-Gi-Oh FFA,Noble Knights,1000,Alex,TBA,4,Yu-Gi-Oh FFA
Cyber DragonRobertYu-Gi-Oh FFA,Cyber Dragon,1000,Robert,TBA,4,Yu-Gi-Oh FFA
Odd EyesOllieYu-Gi-Oh FFA,Odd Eyes,1000,Ollie,TBA,4,Yu-Gi-Oh FFA
Odd EyesRobertYu-Gi-Oh FFA,Odd Eyes,1000,Robert,TBA,4,Yu-Gi-Oh FFA
Dark Magician DragonRobertYu-Gi-Oh FFA,Dark Magician Dragon,1000,Robert,TBA,4,Yu-Gi-Oh FFA
Dark Magician DragonOllieYu-Gi-Oh FFA,Dark Magician Dragon,1000,Ollie,TBA,4,Yu-Gi-Oh FFA
Real of LightRobertYu-Gi-Oh FFA,Real of Light,1000,Robert,TBA,4,Yu-Gi-Oh FFA
SliferRobertYu-Gi-Oh Tag Team,Slifer,1000,Robert,TBA,4,Yu-Gi-Oh Tag Team
Crystal BeastRobertYu-Gi-Oh Tag Team,Crystal Beast,1000,Robert,TBA,4,Yu-Gi-Oh Tag Team
DinosaursRobertYu-Gi-Oh Tag Team,Dinosaurs,1000,Robert,TBA,4,Yu-Gi-Oh Tag Team
Dark WorldMatYu-Gi-Oh Tag Team,Dark World,1000,Mat,TBA,4,Yu-Gi-Oh Tag Team
Dark MagicianMatYu-Gi-Oh Tag Team,Dark Magician,1000,Mat,TBA,4,Yu-Gi-Oh Tag Team
SliferOllieYu-Gi-Oh Tag Team,Slifer,1000,Ollie,TBA,4,Yu-Gi-Oh Tag Team
Blue EyesOllieYu-Gi-Oh Tag Team,Blue Eyes,1000,Ollie,TBA,4,Yu-Gi-Oh Tag Team
Red EyesAlexYu-Gi-Oh Tag Team,Red Eyes,1000,Alex,TBA,4,Yu-Gi-Oh Tag Team
ExodiaOllieYu-Gi-Oh Tag Team,Exodia,1000,Ollie,TBA,4,Yu-Gi-Oh Tag Team
Cyber DragonOllieYu-Gi-Oh Tag Team,Cyber Dragon,1000,Ollie,TBA,4,Yu-Gi-Oh Tag Team
Cyber DragonAlexYu-Gi-Oh Tag Team,Cyber Dragon,1000,Alex,TBA,4,Yu-Gi-Oh Tag Team
Noble KnightsAlexYu-Gi-Oh Tag Team,Noble Knights,1000,Alex,TBA,4,Yu-Gi-Oh Tag Team
Cyber DragonRobertYu-Gi-Oh Tag Team,Cyber Dragon,1000,Robert,TBA,4,Yu-Gi-Oh Tag Team
Odd EyesOllieYu-Gi-Oh Tag Team,Odd Eyes,1000,Ollie,TBA,4,Yu-Gi-Oh Tag Team
Odd EyesRobertYu-Gi-Oh Tag Team,Odd Eyes,1000,Robert,TBA,4,Yu-Gi-Oh Tag Team
Dark Magician DragonRobertYu-Gi-Oh Tag Team,Dark Magician Dragon,1000,Robert,TBA,4,Yu-Gi-Oh Tag Team
Dark Magician DragonOllieYu-Gi-Oh Tag Team,Dark Magician Dragon,1000,Ollie,TBA,4,Yu-Gi-Oh Tag Team
Real of LightRobertYu-Gi-Oh Tag Team,Real of Light,1000,Robert,TBA,4,Yu-Gi-Oh Tag Team
Blue EyesAlexYu-Gi-Oh Team,Blue Eyes,1000,Alex,TBA,4,Yu-Gi-Oh Team
Blue EyesAlexYu-Gi-Oh FFA,Blue Eyes,1000,Alex,TBA,4,Yu-Gi-Oh FFA
Blue EyesAlexYu-Gi-Oh Tag Team,Blue Eyes,1000,Alex,TBA,4,Yu-Gi-Oh Tag Team
Blue EyesOllieYu-Gi-Oh Tag Team,Blue Eyes,1015,Ollie,TBA,4,Yu-Gi-Oh Tag Team
Blue EyesAlexYu-Gi-Oh Tag Team,Blue Eyes,1015,Alex,TBA,4,Yu-Gi-Oh Tag Team
Dark Magician DragonRobertYu-Gi-Oh Tag Team,Dark Magician Dragon,985,Robert,TBA,5,Yu-Gi-Oh Tag Team
Dark MagicianMatYu-Gi-Oh Tag Team,Dark Magician,985,Mat,TBA,5,Yu-Gi-Oh Tag Team
Odd EyesOllieYu-Gi-Oh Team,Odd Eyes,1015,Ollie,TBA,4,Yu-Gi-Oh Team
Cyber DragonAlexYu-Gi-Oh Team,Cyber Dragon,1015,Alex,TBA,4,Yu-Gi-Oh Team
Dark WorldMatYu-Gi-Oh Team,Dark World,985,Mat,TBA,5,Yu-Gi-Oh Team
Real of LightRobertYu-Gi-Oh Team,Real of Light,985,Robert,TBA,5,Yu-Gi-Oh Team
Noble KnightsAlexYu-Gi-Oh Team,Noble Knights,1015,Alex,TBA,4,Yu-Gi-Oh Team
Odd EyesOllieYu-Gi-Oh Team,Odd Eyes,1030,Ollie,TBA,4,Yu-Gi-Oh Team
Dark MagicianMatYu-Gi-Oh Team,Dark Magician,984,Mat,TBA,5,Yu-Gi-Oh Team
Dark Magician DragonRobertYu-Gi-Oh Team,Dark Magician Dragon,984,Robert,TBA,5,Yu-Gi-Oh Team
