Ryu-Ge DinosaursRobertYu-Gi-Oh,Ryu-Ge Dinosaurs,1750,Robert,Ryu-GeDinosaursRobert,2,Yu-Gi-Oh
Ryu-Ge DinosaursRobertYu-Gi-Oh FFA,Ryu-Ge Dinosaurs,1750,Robert,Ryu-GeDinosaursRobert,2,Yu-Gi-Oh FFA
Ryu-Ge DinosaursRobertYu-Gi-Oh Team,Ryu-Ge Dinosaurs,1750,Robert,Ryu-GeDinosaursRobert,2,Yu-Gi-Oh Team
Ryu-Ge DinosaursRobertYu-Gi-Oh Genesys,Ryu-Ge Dinosaurs,1750,Robert,Ryu-GeDinosaursRobert,2,Yu-Gi-Oh Genesys
LabrynthRobertYu-Gi-Oh,Labrynth,1500,Robert,LabrynthRobert,3,Yu-Gi-Oh
LabrynthRobertYu-Gi-Oh FFA,Labrynth,1500,Robert,LabrynthRobert,3,Yu-Gi-Oh FFA
LabrynthRobertYu-Gi-Oh Team,Labrynth,1500,Robert,LabrynthRobert,3,Yu-Gi-Oh Team
LabrynthRobertYu-Gi-Oh Genesys,Labrynth,1500,Robert,LabrynthRobert,3,Yu-Gi-Oh Genesys
Ancient GearsAlexYu-Gi-Oh,Ancient Gears,1750,Alex,AncientGearsAlex,2,Yu-Gi-Oh
Ancient GearsAlexYu-Gi-Oh FFA,Ancient Gears,1750,Alex,AncientGearsAlex,2,Yu-Gi-Oh FFA
Ancient GearsAlexYu-Gi-Oh Team,Ancient Gears,1750,Alex,AncientGearsAlex,2,Yu-Gi-Oh Team
Ancient GearsAlexYu-Gi-Oh Genesys,Ancient Gears,1750,Alex,AncientGearsAlex,2,Yu-Gi-Oh Genesys
Red EyesAlexYu-Gi-Oh,Red Eyes,1500,Alex,RedEyesAlex,3,Yu-Gi-Oh
Red EyesAlexYu-Gi-Oh FFA,Red Eyes,1500,Alex,RedEyesAlex,3,Yu-Gi-Oh FFA
Red EyesAlexYu-Gi-Oh Team,Red Eyes,1500,Alex,RedEyesAlex,3,Yu-Gi-Oh Team
Red EyesAlexYu-Gi-Oh Genesys,Red Eyes,1500,Alex,RedEyesAlex,3,Yu-Gi-Oh Genesys
Voiceless VoiceAlexYu-Gi-Oh,Voiceless Voice,1750,Alex,VoicelessVoiceAlex,2,Yu-Gi-Oh
Voiceless VoiceAlexYu-Gi-Oh FFA,Voiceless Voice,1750,Alex,VoicelessVoiceAlex,2,Yu-Gi-Oh FFA
Voiceless VoiceAlexYu-Gi-Oh Team,Voiceless Voice,1750,Alex,VoicelessVoiceAlex,2,Yu-Gi-Oh Team
Voiceless VoiceAlexYu-Gi-Oh Genesys,Voiceless Voice,1750,Alex,VoicelessVoiceAlex,2,Yu-Gi-Oh Genesys
Dark MagicianMatYu-Gi-Oh,Dark Magician,1750,Mat,DarkMagicianMat,2,Yu-Gi-Oh
Dark MagicianMatYu-Gi-Oh FFA,Dark Magician,1750,Mat,DarkMagicianMat,2,Yu-Gi-Oh FFA
Dark MagicianMatYu-Gi-Oh Team,Dark Magician,1750,Mat,DarkMagicianMat,2,Yu-Gi-Oh Team
Dark MagicianMatYu-Gi-Oh Genesys,Dark Magician,1750,Mat,DarkMagicianMat,2,Yu-Gi-Oh Genesys
Gods and AphosisMatYu-Gi-Oh,Gods and Aphosis,1500,Mat,GodsandAphosisMat,3,Yu-Gi-Oh
Gods and AphosisMatYu-Gi-Oh FFA,Gods and Aphosis,1500,Mat,GodsandAphosisMat,3,Yu-Gi-Oh FFA
Gods and AphosisMatYu-Gi-Oh Team,Gods and Aphosis,1500,Mat,GodsandAphosisMat,3,Yu-Gi-Oh Team
Gods and AphosisMatYu-Gi-Oh Genesys,Gods and Aphosis,1500,Mat,GodsandAphosisMat,3,Yu-Gi-Oh Genesys
ChaosMatYu-Gi-Oh,Chaos,1300,Mat,ChaosMat,4,Yu-Gi-Oh
ChaosMatYu-Gi-Oh FFA,Chaos,1300,Mat,ChaosMat,4,Yu-Gi-Oh FFA
ChaosMatYu-Gi-Oh Team,Chaos,1300,Mat,ChaosMat,4,Yu-Gi-Oh Team
ChaosMatYu-Gi-Oh Genesys,Chaos,1300,Mat,ChaosMat,4,Yu-Gi-Oh Genesys
HEROOllieYu-Gi-Oh,HERO,1750,Ollie,HEROOllie,2,Yu-Gi-Oh
HEROOllieYu-Gi-Oh FFA,HERO,1750,Ollie,HEROOllie,2,Yu-Gi-Oh FFA
HEROOllieYu-Gi-Oh Team,HERO,1750,Ollie,HEROOllie,2,Yu-Gi-Oh Team
HEROOllieYu-Gi-Oh Genesys,HERO,1750,Ollie,HEROOllie,2,Yu-Gi-Oh Genesys
EarthboundOllieYu-Gi-Oh,Earthbound,1300,Ollie,EarthboundOllie,4,Yu-Gi-Oh
EarthboundOllieYu-Gi-Oh FFA,Earthbound,1300,Ollie,EarthboundOllie,4,Yu-Gi-Oh FFA
EarthboundOllieYu-Gi-Oh Team,Earthbound,1300,Ollie,EarthboundOllie,4,Yu-Gi-Oh Team
EarthboundOllieYu-Gi-Oh Genesys,Earthbound,1300,Ollie,EarthboundOllie,4,Yu-Gi-Oh Genesys
Pendulum MagicianOllieYu-Gi-Oh,Pendulum Magician,1300,Ollie,PendulumMagicianOllie,4,Yu-Gi-Oh
Pendulum MagicianOllieYu-Gi-Oh FFA,Pendulum Magician,1300,Ollie,PendulumMagicianOllie,4,Yu-Gi-Oh FFA
Pendulum MagicianOllieYu-Gi-Oh Team,Pendulum Magician,1300,Ollie,PendulumMagicianOllie,4,Yu-Gi-Oh Team
Pendulum MagicianOllieYu-Gi-Oh Genesys,Pendulum Magician,1300,Ollie,PendulumMagicianOllie,4,Yu-Gi-Oh Genesys
Blue Eyes RitualOllieYu-Gi-Oh,Blue Eyes Ritual,1750,Ollie,BlueEyesRitualOllie,2,Yu-Gi-Oh
Blue Eyes RitualOllieYu-Gi-Oh FFA,Blue Eyes Ritual,1750,Ollie,BlueEyesRitualOllie,2,Yu-Gi-Oh FFA
Blue Eyes RitualOllieYu-Gi-Oh Team,Blue Eyes Ritual,1750,Ollie,BlueEyesRitualOllie,2,Yu-Gi-Oh Team
Blue Eyes RitualOllieYu-Gi-Oh Genesys,Blue Eyes Ritual,1750,Ollie,BlueEyesRitualOllie,2,Yu-Gi-Oh Genesys
Ryu-Ge DinosaursRobertYu-Gi-Oh,Ryu-Ge Dinosaurs,1800,Robert,Ryu-GeDinosaursRobert,2,Yu-Gi-Oh
Voiceless VoiceAlexYu-Gi-Oh,Voiceless Voice,1700,Alex,VoicelessVoiceAlex,3,Yu-Gi-Oh
Ryu-Ge DinosaursRobertYu-Gi-Oh,Ryu-Ge Dinosaurs,1842,Robert,Ryu-GeDinosaursRobert,2,Yu-Gi-Oh
Ancient GearsAlexYu-Gi-Oh,Ancient Gears,1707,Alex,AncientGearsAlex,3,Yu-Gi-Oh
LabrynthRobertYu-Gi-Oh,Labrynth,1550,Robert,LabrynthRobert,3,Yu-Gi-Oh
Red EyesAlexYu-Gi-Oh,Red Eyes,1450,Alex,RedEyesAlex,3,Yu-Gi-Oh
HEROOllieYu-Gi-Oh,HERO,1800,Ollie,HEROOllie,2,Yu-Gi-Oh
Dark MagicianMatYu-Gi-Oh,Dark Magician,1700,Mat,DarkMagicianMat,3,Yu-Gi-Oh
Gods and AphosisMatYu-Gi-Oh,Gods and Aphosis,1524,Mat,GodsandAphosisMat,3,Yu-Gi-Oh
EarthboundOllieYu-Gi-Oh,Earthbound,1275,Ollie,EarthboundOllie,4,Yu-Gi-Oh
ChaosMatYu-Gi-Oh,Chaos,1330,Mat,ChaosMat,4,Yu-Gi-Oh
Pendulum MagicianOllieYu-Gi-Oh,Pendulum Magician,1270,Ollie,PendulumMagicianOllie,4,Yu-Gi-Oh
Blue Eyes RitualOllieYu-Gi-Oh,Blue Eyes Ritual,1758,Ollie,BlueEyesRitualOllie,2,Yu-Gi-Oh
ChaosMatYu-Gi-Oh,Chaos,1321,Mat,ChaosMat,4,Yu-Gi-Oh
MarincessRobertYu-Gi-Oh,Marincess,1300,Robert,MarincessRobert,4,Yu-Gi-Oh
MarincessRobertYu-Gi-Oh FFA,Marincess,1300,Robert,MarincessRobert,4,Yu-Gi-Oh FFA
MarincessRobertYu-Gi-Oh Team,Marincess,1300,Robert,MarincessRobert,4,Yu-Gi-Oh Team
MarincessRobertYu-Gi-Oh Genesys,Marincess,1300,Robert,MarincessRobert,4,Yu-Gi-Oh Genesys
SalamangreatRobertYu-Gi-Oh,Salamangreat,1500,Robert,SalamangreatRobert,3,Yu-Gi-Oh
SalamangreatRobertYu-Gi-Oh FFA,Salamangreat,1500,Robert,SalamangreatRobert,3,Yu-Gi-Oh FFA
SalamangreatRobertYu-Gi-Oh Team,Salamangreat,1500,Robert,SalamangreatRobert,3,Yu-Gi-Oh Team
SalamangreatRobertYu-Gi-Oh Genesys,Salamangreat,1500,Robert,SalamangreatRobert,3,Yu-Gi-Oh Genesys
PurelyRobertYu-Gi-Oh,Purely,1500,Robert,PurelyRobert,3,Yu-Gi-Oh
PurelyRobertYu-Gi-Oh FFA,Purely,1500,Robert,PurelyRobert,3,Yu-Gi-Oh FFA
PurelyRobertYu-Gi-Oh Team,Purely,1500,Robert,PurelyRobert,3,Yu-Gi-Oh Team
PurelyRobertYu-Gi-Oh Genesys,Purely,1500,Robert,PurelyRobert,3,Yu-Gi-Oh Genesys
MarincessRobertYu-Gi-Oh,Marincess,1390,Robert,MarincessRobert,4,Yu-Gi-Oh
Dark MagicianMatYu-Gi-Oh,Dark Magician,1609,Mat,DarkMagicianMat,3,Yu-Gi-Oh
SalamangreatRobertYu-Gi-Oh,Salamangreat,1526,Robert,SalamangreatRobert,3,Yu-Gi-Oh
ChaosMatYu-Gi-Oh,Chaos,1294,Mat,ChaosMat,4,Yu-Gi-Oh
PurelyRobertYu-Gi-Oh,Purely,1532,Robert,PurelyRobert,3,Yu-Gi-Oh
Gods and AphosisMatYu-Gi-Oh,Gods and Aphosis,1491,Mat,GodsandAphosisMat,3,Yu-Gi-Oh
Blue Eyes SynchroRobertYu-Gi-Oh,Blue Eyes Synchro,1750,Robert,BlueEyesSynchroRobert,2,Yu-Gi-Oh
Blue Eyes SynchroRobertYu-Gi-Oh FFA,Blue Eyes Synchro,1750,Robert,BlueEyesSynchroRobert,2,Yu-Gi-Oh FFA
Blue Eyes SynchroRobertYu-Gi-Oh Team,Blue Eyes Synchro,1750,Robert,BlueEyesSynchroRobert,2,Yu-Gi-Oh Team
Blue Eyes SynchroRobertYu-Gi-Oh Genesys,Blue Eyes Synchro,1750,Robert,BlueEyesSynchroRobert,2,Yu-Gi-Oh Genesys
Blue Eyes SynchroRobertYu-Gi-Oh,Blue Eyes Synchro,1768,Robert,BlueEyesSynchroRobert,2,Yu-Gi-Oh
Dark MagicianMatYu-Gi-Oh,Dark Magician,1590,Mat,DarkMagicianMat,3,Yu-Gi-Oh
InfernobleAlexYu-Gi-Oh,Infernoble,1750,Alex,InfernobleAlex,2,Yu-Gi-Oh
InfernobleAlexYu-Gi-Oh FFA,Infernoble,1750,Alex,InfernobleAlex,2,Yu-Gi-Oh FFA
InfernobleAlexYu-Gi-Oh Team,Infernoble,1750,Alex,InfernobleAlex,2,Yu-Gi-Oh Team
InfernobleAlexYu-Gi-Oh Genesys,Infernoble,1750,Alex,InfernobleAlex,2,Yu-Gi-Oh Genesys
Nemleria RegenesisRobertYu-Gi-Oh,Nemleria Regenesis,1300,Robert,NemleriaRegenesisRobert,4,Yu-Gi-Oh
Nemleria RegenesisRobertYu-Gi-Oh FFA,Nemleria Regenesis,1300,Robert,NemleriaRegenesisRobert,4,Yu-Gi-Oh FFA
Nemleria RegenesisRobertYu-Gi-Oh Team,Nemleria Regenesis,1300,Robert,NemleriaRegenesisRobert,4,Yu-Gi-Oh Team
Nemleria RegenesisRobertYu-Gi-Oh Genesys,Nemleria Regenesis,1300,Robert,NemleriaRegenesisRobert,4,Yu-Gi-Oh Genesys
Orcust CyDraRobertYu-Gi-Oh,Orcust CyDra,1500,Robert,OrcustCyDraRobert,3,Yu-Gi-Oh
Orcust CyDraRobertYu-Gi-Oh FFA,Orcust CyDra,1500,Robert,OrcustCyDraRobert,3,Yu-Gi-Oh FFA
Orcust CyDraRobertYu-Gi-Oh Team,Orcust CyDra,1500,Robert,OrcustCyDraRobert,3,Yu-Gi-Oh Team
Orcust CyDraRobertYu-Gi-Oh Genesys,Orcust CyDra,1500,Robert,OrcustCyDraRobert,3,Yu-Gi-Oh Genesys
Orcust CyDraRobertYu-Gi-Oh FFA,Orcust CyDra,1548,Robert,OrcustCyDraRobert,3,Yu-Gi-Oh FFA
Dark MagicianMatYu-Gi-Oh FFA,Dark Magician,1701,Mat,DarkMagicianMat,3,Yu-Gi-Oh FFA
InfernobleAlexYu-Gi-Oh FFA,Infernoble,1701,Alex,InfernobleAlex,3,Yu-Gi-Oh FFA
Voiceless VoiceAlexYu-Gi-Oh FFA,Voiceless Voice,1761,Alex,VoicelessVoiceAlex,2,Yu-Gi-Oh FFA
Dark MagicianMatYu-Gi-Oh FFA,Dark Magician,1689,Mat,DarkMagicianMat,3,Yu-Gi-Oh FFA
Nemleria RegenesisRobertYu-Gi-Oh FFA,Nemleria Regenesis,1288,Robert,NemleriaRegenesisRobert,4,Yu-Gi-Oh FFA
Ancient GearsAlexYu-Gi-Oh FFA,Ancient Gears,1767,Alex,AncientGearsAlex,2,Yu-Gi-Oh FFA
PurelyRobertYu-Gi-Oh FFA,Purely,1482,Robert,PurelyRobert,3,Yu-Gi-Oh FFA
Dark MagicianMatYu-Gi-Oh FFA,Dark Magician,1671,Mat,DarkMagicianMat,3,Yu-Gi-Oh FFA
Thunder DragonAlexYu-Gi-Oh,Thunder Dragon,1500,Alex,ThunderDragonAlex,3,Yu-Gi-Oh
Thunder DragonAlexYu-Gi-Oh FFA,Thunder Dragon,1500,Alex,ThunderDragonAlex,3,Yu-Gi-Oh FFA
Thunder DragonAlexYu-Gi-Oh Team,Thunder Dragon,1500,Alex,ThunderDragonAlex,3,Yu-Gi-Oh Team
Thunder DragonAlexYu-Gi-Oh Genesys,Thunder Dragon,1500,Alex,ThunderDragonAlex,3,Yu-Gi-Oh Genesys
Despia BrandedRobertYu-Gi-Oh,Despia Branded,1500,Robert,DespiaBrandedRobert,3,Yu-Gi-Oh
Despia BrandedRobertYu-Gi-Oh FFA,Despia Branded,1500,Robert,DespiaBrandedRobert,3,Yu-Gi-Oh FFA
Despia BrandedRobertYu-Gi-Oh Team,Despia Branded,1500,Robert,DespiaBrandedRobert,3,Yu-Gi-Oh Team
Despia BrandedRobertYu-Gi-Oh Genesys,Despia Branded,1500,Robert,DespiaBrandedRobert,3,Yu-Gi-Oh Genesys
Despia BrandedRobertYu-Gi-Oh FFA,Despia Branded,1537,Robert,DespiaBrandedRobert,3,Yu-Gi-Oh FFA
Thunder DragonAlexYu-Gi-Oh FFA,Thunder Dragon,1462,Alex,ThunderDragonAlex,3,Yu-Gi-Oh FFA
Dark MagicianMatYu-Gi-Oh FFA,Dark Magician,1633,Mat,DarkMagicianMat,3,Yu-Gi-Oh FFA
NouvellesRobertYu-Gi-Oh,Nouvelles,1500,Robert,NouvellesRobert,3,Yu-Gi-Oh
NouvellesRobertYu-Gi-Oh FFA,Nouvelles,1500,Robert,NouvellesRobert,3,Yu-Gi-Oh FFA
NouvellesRobertYu-Gi-Oh Team,Nouvelles,1500,Robert,NouvellesRobert,3,Yu-Gi-Oh Team
NouvellesRobertYu-Gi-Oh Genesys,Nouvelles,1500,Robert,NouvellesRobert,4,Yu-Gi-Oh Genesys
CenturionAlexYu-Gi-Oh,Centurion,1500,Alex,CenturionAlex,3,Yu-Gi-Oh
CenturionAlexYu-Gi-Oh FFA,Centurion,1500,Alex,CenturionAlex,3,Yu-Gi-Oh FFA
CenturionAlexYu-Gi-Oh Team,Centurion,1500,Alex,CenturionAlex,3,Yu-Gi-Oh Team
CenturionAlexYu-Gi-Oh Genesys,Centurion,1500,Alex,CenturionAlex,3,Yu-Gi-Oh Genesys
NouvellesRobertYu-Gi-Oh FFA,Nouvelles,1549,Robert,NouvellesRobert,4,Yu-Gi-Oh FFA
CenturionAlexYu-Gi-Oh FFA,Centurion,1450,Alex,CenturionAlex,3,Yu-Gi-Oh FFA
Dark MagicianMatYu-Gi-Oh FFA,Dark Magician,1583,Mat,DarkMagicianMat,3,Yu-Gi-Oh FFA
Nemleria RegenesisRobertYu-Gi-Oh FFA,Nemleria Regenesis,1340,Robert,NemleriaRegenesisRobert,4,Yu-Gi-Oh FFA
Ancient GearsAlexYu-Gi-Oh FFA,Ancient Gears,1714,Alex,AncientGearsAlex,3,Yu-Gi-Oh FFA
Gods and AphosisMatYu-Gi-Oh FFA,Gods and Aphosis,1447,Mat,GodsandAphosisMat,3,Yu-Gi-Oh FFA
Live TwinAlexYu-Gi-Oh,Live Twin,1750,Alex,LiveTwinAlex,2,Yu-Gi-Oh
Live TwinAlexYu-Gi-Oh FFA,Live Twin,1750,Alex,LiveTwinAlex,2,Yu-Gi-Oh FFA
Live TwinAlexYu-Gi-Oh Team,Live Twin,1750,Alex,LiveTwinAlex,2,Yu-Gi-Oh Team
Live TwinAlexYu-Gi-Oh Genesys,Live Twin,1750,Alex,LiveTwinAlex,2,Yu-Gi-Oh Genesys
Dark MagicianMatYu-Gi-Oh,Dark Magician,1661,Mat,DarkMagicianMat,3,Yu-Gi-Oh
Live TwinAlexYu-Gi-Oh,Live Twin,1678,Alex,LiveTwinAlex,3,Yu-Gi-Oh
Dark MagicianMatYu-Gi-Oh FFA,Dark Magician,1605,Mat,DarkMagicianMat,3,Yu-Gi-Oh FFA
CenturionAlexYu-Gi-Oh FFA,Centurion,1427,Alex,CenturionAlex,3,Yu-Gi-Oh FFA
Despia BrandedRobertYu-Gi-Oh FFA,Despia Branded,1514,Robert,DespiaBrandedRobert,3,Yu-Gi-Oh FFA
Eqyptian GodsOllieYu-Gi-Oh,Eqyptian Gods,1300,Ollie,EqyptianGodsOllie,4,Yu-Gi-Oh
Eqyptian GodsOllieYu-Gi-Oh FFA,Eqyptian Gods,1300,Ollie,EqyptianGodsOllie,4,Yu-Gi-Oh FFA
Eqyptian GodsOllieYu-Gi-Oh Team,Eqyptian Gods,1300,Ollie,EqyptianGodsOllie,4,Yu-Gi-Oh Team
Eqyptian GodsOllieYu-Gi-Oh Genesys,Eqyptian Gods,1300,Ollie,EqyptianGodsOllie,4,Yu-Gi-Oh Genesys
Ryu-Ge DinosaursRobertYu-Gi-Oh Team,Ryu-Ge Dinosaurs,1762,Robert,Ryu-Ge DinosaursRobert,2,Yu-Gi-Oh Team
Dark MagicianMatYu-Gi-Oh Team,Dark Magician,1762,Mat,DarkMagicianMat,2,Yu-Gi-Oh Team
Live TwinAlexYu-Gi-Oh Team,Live Twin,1737,Alex,LiveTwinAlex,3,Yu-Gi-Oh Team
Eqyptian GodsOllieYu-Gi-Oh Team,Eqyptian Gods,1287,Ollie,EqyptianGodsOllie,4,Yu-Gi-Oh Team
NouvellesRobertYu-Gi-Oh Team,Nouvelles,1539,Robert,NouvellesRobert,3,Yu-Gi-Oh Team
Dark MagicianMatYu-Gi-Oh Team,Dark Magician,1801,Mat,DarkMagicianMat,2,Yu-Gi-Oh Team
HEROOllieYu-Gi-Oh Team,HERO,1710,Ollie,HEROOllie,3,Yu-Gi-Oh Team
InfernobleAlexYu-Gi-Oh Team,Infernoble,1710,Alex,InfernobleAlex,3,Yu-Gi-Oh Team
DragonmaidMatYu-Gi-Oh,Dragonmaid,1500,Mat,DragonmaidMat,3,Yu-Gi-Oh
DragonmaidMatYu-Gi-Oh FFA,Dragonmaid,1500,Mat,DragonmaidMat,3,Yu-Gi-Oh FFA
DragonmaidMatYu-Gi-Oh Team,Dragonmaid,1500,Mat,DragonmaidMat,3,Yu-Gi-Oh Team
DragonmaidMatYu-Gi-Oh Genesys,Dragonmaid,1500,Mat,DragonmaidMat,3,Yu-Gi-Oh Genesys
Gem KnightMatYu-Gi-Oh,Gem Knight,1750,Mat,GemKnightMat,2,Yu-Gi-Oh
Gem KnightMatYu-Gi-Oh FFA,Gem Knight,1750,Mat,GemKnightMat,2,Yu-Gi-Oh FFA
Gem KnightMatYu-Gi-Oh Team,Gem Knight,1750,Mat,GemKnightMat,2,Yu-Gi-Oh Team
Gem KnightMatYu-Gi-Oh Genesys,Gem Knight,1750,Mat,GemKnightMat,2,Yu-Gi-Oh Genesys
TistinaRobertYu-Gi-Oh,Tistina,1500,Robert,TistinaRobert,3,Yu-Gi-Oh
TistinaRobertYu-Gi-Oh FFA,Tistina,1500,Robert,TistinaRobert,3,Yu-Gi-Oh FFA
TistinaRobertYu-Gi-Oh Team,Tistina,1500,Robert,TistinaRobert,3,Yu-Gi-Oh Team
TistinaRobertYu-Gi-Oh Genesys,Tistina,1500,Robert,TistinaRobert,3,Yu-Gi-Oh Genesys
LightswornRobertYu-Gi-Oh,Lightsworn,1300,Robert,LightswornRobert,4,Yu-Gi-Oh
LightswornRobertYu-Gi-Oh FFA,Lightsworn,1300,Robert,LightswornRobert,4,Yu-Gi-Oh FFA
LightswornRobertYu-Gi-Oh Team,Lightsworn,1300,Robert,LightswornRobert,4,Yu-Gi-Oh Team
LightswornRobertYu-Gi-Oh Genesys,Lightsworn,1300,Robert,LightswornRobert,4,Yu-Gi-Oh Genesys
CubicOllieYu-Gi-Oh,Cubic,1300,Ollie,CubicOllie,4,Yu-Gi-Oh
CubicOllieYu-Gi-Oh FFA,Cubic,1300,Ollie,CubicOllie,4,Yu-Gi-Oh FFA
CubicOllieYu-Gi-Oh Team,Cubic,1300,Ollie,CubicOllie,4,Yu-Gi-Oh Team
CubicOllieYu-Gi-Oh Genesys,Cubic,1300,Ollie,CubicOllie,4,Yu-Gi-Oh Genesys
TistinaRobertYu-Gi-Oh FFA,Tistina,1535,Robert,TistinaRobert,3,Yu-Gi-Oh FFA
DragonmaidMatYu-Gi-Oh FFA,Dragonmaid,1464,Mat,DragonmaidMat,3,Yu-Gi-Oh FFA
Pendulum MagicianOllieYu-Gi-Oh FFA,Pendulum Magician,1264,Ollie,PendulumMagicianOllie,4,Yu-Gi-Oh FFA
Orcust CyDraRobertYu-Gi-Oh FFA,Orcust CyDra,1593,Robert,OrcustCyDraRobert,3,Yu-Gi-Oh FFA
Gem KnightMatYu-Gi-Oh FFA,Gem Knight,1704,Mat,GemKnightMat,3,Yu-Gi-Oh FFA
HEROOllieYu-Gi-Oh FFA,HERO,1704,Ollie,HEROOllie,3,Yu-Gi-Oh FFA
DragonmaidMatYu-Gi-Oh FFA,Dragonmaid,1480,Mat,DragonmaidMat,3,Yu-Gi-Oh FFA
LightswornRobertYu-Gi-Oh FFA,Lightsworn,1283,Robert,LightswornRobert,4,Yu-Gi-Oh FFA
CubicOllieYu-Gi-Oh FFA,Cubic,1283,Ollie,CubicOllie,4,Yu-Gi-Oh FFA
Blue Eyes RitualOllieYu-Gi-Oh FFA,Blue Eyes Ritual,1766,Ollie,BlueEyesRitualOllie,2,Yu-Gi-Oh FFA
Dark MagicianMatYu-Gi-Oh FFA,Dark Magician,1588,Mat,DarkMagicianMat,3,Yu-Gi-Oh FFA
NouvellesRobertYu-Gi-Oh FFA,Nouvelles,1532,Robert,NouvellesRobert,3,Yu-Gi-Oh FFA
SalamangreatRobertYu-Gi-Oh,Salamangreat,1573,Robert,SalamangreatRobert,3,Yu-Gi-Oh
Blue Eyes RitualOllieYu-Gi-Oh,Blue Eyes Ritual,1710,Ollie,BlueEyesRitualOllie,3,Yu-Gi-Oh
Dark MagicianMatYu-Gi-Oh FFA,Dark Magician,1621,Mat,DarkMagicianMat,3,Yu-Gi-Oh FFA
Red EyesAlexYu-Gi-Oh FFA,Red Eyes,1466,Alex,RedEyesAlex,3,Yu-Gi-Oh FFA
Blue Eyes RitualOllieYu-Gi-Oh FFA,Blue Eyes Ritual,1732,Ollie,BlueEyesRitualOllie,3,Yu-Gi-Oh FFA
LabrynthRobertYu-Gi-Oh FFA,Labrynth,1539,Robert,LabrynthRobert,3,Yu-Gi-Oh FFA
HEROOllieYu-Gi-Oh FFA,HERO,1664,Ollie,HEROOllie,3,Yu-Gi-Oh FFA
Gem KnightMatYu-Gi-Oh FFA,Gem Knight,1664,Mat,GemKnightMat,3,Yu-Gi-Oh FFA
CenturionAlexYu-Gi-Oh FFA,Centurion,1387,Alex,CenturionAlex,4,Yu-Gi-Oh FFA
ExodiaAlexYu-Gi-Oh,Exodia,1530,Alex,ExodiaAlex,3,Yu-Gi-Oh
DragonmaidMatYu-Gi-Oh,Dragonmaid,1470,Mat,DragonmaidMat,3,Yu-Gi-Oh
Blue Eyes SynchroRobertYu-Gi-Oh,Blue Eyes Synchro,1789,Robert,BlueEyesSynchroRobert,2,Yu-Gi-Oh
Dark MagicianMatYu-Gi-Oh,Dark Magician,1639,Mat,DarkMagicianMat,3,Yu-Gi-Oh
Blue Eyes SynchroRobertYu-Gi-Oh FFA,Blue Eyes Synchro,1772,Robert,BlueEyesSynchroRobert,2,Yu-Gi-Oh FFA
Dark MagicianMatYu-Gi-Oh FFA,Dark Magician,1598,Mat,DarkMagicianMat,3,Yu-Gi-Oh FFA
InfernobleAlexYu-Gi-Oh FFA,Infernoble,1678,Alex,InfernobleAlex,3,Yu-Gi-Oh FFA
Despia BrandedRobertYu-Gi-Oh FFA,Despia Branded,1559,Robert,DespiaBrandedRobert,3,Yu-Gi-Oh FFA
Voiceless VoiceAlexYu-Gi-Oh FFA,Voiceless Voice,1715,Alex,VoicelessVoiceAlex,3,Yu-Gi-Oh FFA
Gem KnightMatYu-Gi-Oh FFA,Gem Knight,1618,Mat,GemKnightMat,3,Yu-Gi-Oh FFA
Crystal BeastRobertYu-Gi-Oh,Crystal Beast,1500,Robert,CrystalBeastRobert,3,Yu-Gi-Oh
Crystal BeastRobertYu-Gi-Oh FFA,Crystal Beast,1500,Robert,CrystalBeastRobert,3,Yu-Gi-Oh FFA
Crystal BeastRobertYu-Gi-Oh Team,Crystal Beast,1500,Robert,CrystalBeastRobert,3,Yu-Gi-Oh Team
Crystal BeastRobertYu-Gi-Oh Genesys,Crystal Beast,1500,Robert,CrystalBeastRobert,3,Yu-Gi-Oh Genesys
Ancient GearsAlexYu-Gi-Oh FFA,Ancient Gears,1731,Alex,AncientGearsAlex,3,Yu-Gi-Oh FFA
Crystal BeastRobertYu-Gi-Oh FFA,Crystal Beast,1482,Robert,CrystalBeastRobert,3,Yu-Gi-Oh FFA
Gem KnightMatYu-Gi-Oh FFA,Gem Knight,1600,Mat,GemKnightMat,3,Yu-Gi-Oh FFA
Ryu-Ge DinosaursRobertYu-Gi-Oh,Ryu-Ge Dinosaurs,1849,Robert,Ryu-GeDinosaursRobert,2,Yu-Gi-Oh
CenturionAlexYu-Gi-Oh,Centurion,1492,Alex,CenturionAlex,3,Yu-Gi-Oh
Gem KnightMatYu-Gi-Oh,Gem Knight,1776,Mat,GemKnightMat,2,Yu-Gi-Oh
Blue Eyes RitualOllieYu-Gi-Oh,Blue Eyes Ritual,1683,Ollie,BlueEyesRitualOllie,3,Yu-Gi-Oh
Gem KnightMatYu-Gi-Oh,Gem Knight,1799,Mat,GemKnightMat,2,Yu-Gi-Oh
Voiceless VoiceAlexYu-Gi-Oh,Voiceless Voice,1676,Alex,VoicelessVoiceAlex,3,Yu-Gi-Oh
Ryu-Ge DinosaursRobertYu-Gi-Oh,Ryu-Ge Dinosaurs,1862,Robert,Ryu-GeDinosaursRobert,2,Yu-Gi-Oh
Dark MagicianMatYu-Gi-Oh,Dark Magician,1625,Mat,DarkMagicianMat,3,Yu-Gi-Oh
Voiceless VoiceAlexYu-Gi-Oh,Voiceless Voice,1706,Alex,VoicelessVoiceAlex,3,Yu-Gi-Oh
Blue Eyes RitualOllieYu-Gi-Oh,Blue Eyes Ritual,1652,Ollie,BlueEyesRitualOllie,3,Yu-Gi-Oh
Voiceless VoiceAlexYu-Gi-Oh,Voiceless Voice,1725,Alex,VoicelessVoiceAlex,3,Yu-Gi-Oh
SalamangreatRobertYu-Gi-Oh,Salamangreat,1553,Robert,SalamangreatRobert,3,Yu-Gi-Oh
Dark MagicianMatYu-Gi-Oh,Dark Magician,1657,Mat,DarkMagicianMat,3,Yu-Gi-Oh
Blue Eyes RitualOllieYu-Gi-Oh,Blue Eyes Ritual,1619,Ollie,BlueEyesRitualOllie,3,Yu-Gi-Oh
SalamangreatRobertYu-Gi-Oh,Salamangreat,1601,Robert,SalamangreatRobert,3,Yu-Gi-Oh
Gem KnightMatYu-Gi-Oh,Gem Knight,1751,Mat,GemKnightMat,2,Yu-Gi-Oh
ExodiaAlexYu-Gi-Oh,Exodia,1500,Alex,ExodiaAlex,3,Yu-Gi-Oh
ExodiaAlexYu-Gi-Oh FFA,Exodia,1500,Alex,ExodiaAlex,3,Yu-Gi-Oh FFA
ExodiaAlexYu-Gi-Oh Team,Exodia,1500,Alex,ExodiaAlex,3,Yu-Gi-Oh Team
ExodiaAlexYu-Gi-Oh Genesys,Exodia,1500,Alex,ExodiaAlex,3,Yu-Gi-Oh Genesys
ExodiaAlexYu-Gi-Oh,Exodia,1550,Alex,ExodiaAlex,3,Yu-Gi-Oh
HEROOllieYu-Gi-Oh,HERO,1749,Ollie,HEROOllie,3,Yu-Gi-Oh
SalamangreatRobertYu-Gi-Oh,Salamangreat,1671,Robert,SalamangreatRobert,3,Yu-Gi-Oh
HEROOllieYu-Gi-Oh,HERO,1678,Ollie,HEROOllie,3,Yu-Gi-Oh
ExodiaAlexYu-Gi-Oh,Exodia,1595,Alex,ExodiaAlex,3,Yu-Gi-Oh
Gem KnightMatYu-Gi-Oh,Gem Knight,1705,Mat,GemKnightMat,3,Yu-Gi-Oh
Gem KnightMatYu-Gi-Oh,Gem Knight,1732,Mat,GemKnightMat,3,Yu-Gi-Oh
HEROOllieYu-Gi-Oh,HERO,1650,Ollie,HEROOllie,3,Yu-Gi-Oh
Blue Eyes SynchroRobertYu-Gi-Oh,Blue Eyes Synchro,1803,Robert,BlueEyesSynchroRobert,2,Yu-Gi-Oh
ExodiaAlexYu-Gi-Oh,Exodia,1580,Alex,ExodiaAlex,3,Yu-Gi-Oh
Dark MagicianMatYu-Gi-Oh Team,Dark Magician,1818,Mat,DarkMagicianMat,2,Yu-Gi-Oh Team
Blue Eyes SynchroRobertYu-Gi-Oh Team,Blue Eyes Synchro,1767,Robert,BlueEyesSynchroRobert,2,Yu-Gi-Oh Team
Millennium HorusAlexYu-Gi-Oh Team,Millennium Horus,1482,Alex,MillenniumHorusAlex,3,Yu-Gi-Oh Team
Blue Eyes RitualOllieYu-Gi-Oh Team,Blue Eyes Ritual,1732,Ollie,BlueEyesRitualOllie,3,Yu-Gi-Oh Team
Orcust CyDraRobertYu-Gi-Oh Team,Orcust CyDra,1532,Robert,OrcustCyDraRobert,3,Yu-Gi-Oh Team
Gods and AphosisMatYu-Gi-Oh Team,Gods and Aphosis,1532,Mat,GodsandAphosisMat,3,Yu-Gi-Oh Team
EarthboundOllieYu-Gi-Oh Team,Earthbound,1267,Ollie,EarthboundOllie,4,Yu-Gi-Oh Team
Ancient GearsAlexYu-Gi-Oh Team,Ancient Gears,1717,Alex,AncientGearsAlex,3,Yu-Gi-Oh Team
Gods and AphosisMatYu-Gi-Oh,Gods and Aphosis,1576,Mat,GodsandAphosisMat,3,Yu-Gi-Oh
HEROOllieYu-Gi-Oh,HERO,1714,Ollie,HEROOllie,3,Yu-Gi-Oh
Live TwinAlexYu-Gi-Oh,Live Twin,1697,Alex,LiveTwinAlex,3,Yu-Gi-Oh
LabrynthRobertYu-Gi-Oh,Labrynth,1530,Robert,LabrynthRobert,3,Yu-Gi-Oh
LabrynthRobertYu-Gi-Oh,Labrynth,1553,Robert,LabrynthRobert,3,Yu-Gi-Oh
Red EyesAlexYu-Gi-Oh,Red Eyes,1426,Alex,RedEyesAlex,3,Yu-Gi-Oh
MalissAlexYu-Gi-Oh,Maliss,1750,Alex,MalissAlex,3,Yu-Gi-Oh
MalissAlexYu-Gi-Oh FFA,Maliss,1750,Alex,MalissAlex,3,Yu-Gi-Oh FFA
MalissAlexYu-Gi-Oh Team,Maliss,1750,Alex,MalissAlex,3,Yu-Gi-Oh Team
MalissAlexYu-Gi-Oh Genesys,Maliss,1750,Alex,MalissAlex,3,Yu-Gi-Oh Genesys
Gunkan SushipRobertYu-Gi-Oh,Gunkan Suship,1500,Robert,GunkanSushipRobert,3,Yu-Gi-Oh
Gunkan SushipRobertYu-Gi-Oh FFA,Gunkan Suship,1500,Robert,GunkanSushipRobert,3,Yu-Gi-Oh FFA
Gunkan SushipRobertYu-Gi-Oh Team,Gunkan Suship,1500,Robert,GunkanSushipRobert,3,Yu-Gi-Oh Team
Gunkan SushipRobertYu-Gi-Oh Genesys,Gunkan Suship,1500,Robert,GunkanSushipRobert,3,Yu-Gi-Oh Genesys
Cyber DragonOllieYu-Gi-Oh,Cyber Dragon,1500,Ollie,CyberDragonOllie,3,Yu-Gi-Oh
Cyber DragonOllieYu-Gi-Oh FFA,Cyber Dragon,1500,Ollie,CyberDragonOllie,3,Yu-Gi-Oh FFA
Cyber DragonOllieYu-Gi-Oh Team,Cyber Dragon,1500,Ollie,CyberDragonOllie,3,Yu-Gi-Oh Team
Cyber DragonOllieYu-Gi-Oh Genesys,Cyber Dragon,1500,Ollie,CyberDragonOllie,3,Yu-Gi-Oh Tag
Gods and AphosisMatYu-Gi-Oh,Gods and Aphosis,1585,Mat,GodsandAphosisMat,3,Yu-Gi-Oh
EarthboundOllieYu-Gi-Oh,Earthbound,1265,Ollie,EarthboundOllie,4,Yu-Gi-Oh
Dark MagicianMatYu-Gi-Oh,Dark Magician,1662,Mat,DarkMagicianMat,3,Yu-Gi-Oh
EarthboundOllieYu-Gi-Oh,Earthbound,1259,Ollie,EarthboundOllie,4,Yu-Gi-Oh
Millennium HorusAlexYu-Gi-Oh,Millennium Horus,1560,Alex,MillenniumHorusAlex,3,Yu-Gi-Oh
PurelyRobertYu-Gi-Oh,Purely,1501,Robert,PurelyRobert,3,Yu-Gi-Oh
PurelyRobertYu-Gi-Oh,Purely,1548,Robert,PurelyRobert,3,Yu-Gi-Oh
Gem KnightMatYu-Gi-Oh,Gem Knight,1684,Mat,GemKnightMat,3,Yu-Gi-Oh
InfernobleAlexYu-Gi-Oh,Infernoble,1755,Alex,InfernobleAlex,2,Yu-Gi-Oh
EarthboundOllieYu-Gi-Oh,Earthbound,1253,Ollie,EarthboundOllie,4,Yu-Gi-Oh
PurelyRobertYu-Gi-Oh,Purely,1557,Robert,PurelyRobert,3,Yu-Gi-Oh
EarthboundOllieYu-Gi-Oh,Earthbound,1243,Ollie,EarthboundOllie,4,Yu-Gi-Oh
TistinaRobertYu-Gi-Oh,Tistina,1511,Robert,TistinaRobert,3,Yu-Gi-Oh
EarthboundOllieYu-Gi-Oh,Earthbound,1231,Ollie,EarthboundOllie,4,Yu-Gi-Oh
MalissAlexYu-Gi-Oh,Maliss,1766,Alex,MalissAlex,2,Yu-Gi-Oh
Gods and AphosisMatYu-Gi-Oh,Gods and Aphosis,1568,Mat,GodsandAphosisMat,3,Yu-Gi-Oh
Voiceless VoiceAlexYu-Gi-Oh,Voiceless Voice,1737,Alex,VoicelessVoiceAlex,3,Yu-Gi-Oh
Gunkan SushipRobertYu-Gi-Oh,Gunkan Suship,1487,Robert,GunkanSushipRobert,3,Yu-Gi-Oh
Gunkan SushipRobertYu-Gi-Oh,Gunkan Suship,1528,Robert,GunkanSushipRobert,3,Yu-Gi-Oh
Dark MagicianMatYu-Gi-Oh,Dark Magician,1586,Mat,DarkMagicianMat,3,Yu-Gi-Oh
Blue Eyes RitualOllieYu-Gi-Oh,Blue Eyes Ritual,1654,Ollie,BlueEyesRitualOllie,3,Yu-Gi-Oh
Gem KnightMatYu-Gi-Oh,Gem Knight,1648,Mat,GemKnightMat,3,Yu-Gi-Oh
InfernobleAlexYu-Gi-Oh,Infernoble,1757,Alex,InfernobleAlex,2,Yu-Gi-Oh
EarthboundOllieYu-Gi-Oh,Earthbound,1228,Ollie,EarthboundOllie,4,Yu-Gi-Oh
Gunkan SushipRobertYu-Gi-Oh,Gunkan Suship,1573,Robert,GunkanSushipRobert,3,Yu-Gi-Oh
Cyber DragonOllieYu-Gi-Oh,Cyber Dragon,1454,Ollie,CyberDragonOllie,3,Yu-Gi-Oh
MalissAlexYu-Gi-Oh,Maliss,1786,Alex,MalissAlex,2,Yu-Gi-Oh
Gem KnightMatYu-Gi-Oh,Gem Knight,1627,Mat,GemKnightMat,3,Yu-Gi-Oh
CrusadiaJoshYu-Gi-Oh,Crusadia,1500,Josh,CrusadiaJosh,3,Yu-Gi-Oh
CrusadiaJoshYu-Gi-Oh FFA,Crusadia,1500,Josh,CrusadiaJosh,3,Yu-Gi-Oh FFA
CrusadiaJoshYu-Gi-Oh Team,Crusadia,1500,Josh,CrusadiaJosh,3,Yu-Gi-Oh Team
CrusadiaJoshYu-Gi-Oh Genesys,Crusadia,1500,Josh,CrusadiaJosh,3,Yu-Gi-Oh Genesys
MateriactorRobertYu-Gi-Oh,Materiactor,1500,Robert,MateriactorRobert,3,Yu-Gi-Oh
MateriactorRobertYu-Gi-Oh FFA,Materiactor,1500,Robert,MateriactorRobert,3,Yu-Gi-Oh FFA
MateriactorRobertYu-Gi-Oh Team,Materiactor,1500,Robert,MateriactorRobert,3,Yu-Gi-Oh Team
MateriactorRobertYu-Gi-Oh Genesys,Materiactor,1500,Robert,MateriactorRobert,3,Yu-Gi-Oh Genesys
Dark WorldRobertYu-Gi-Oh,Dark World,1500,Robert,DarkWorldRobert,3,Yu-Gi-Oh
Dark WorldRobertYu-Gi-Oh FFA,Dark World,1500,Robert,DarkWorldRobert,3,Yu-Gi-Oh FFA
Dark WorldRobertYu-Gi-Oh Team,Dark World,1500,Robert,DarkWorldRobert,3,Yu-Gi-Oh Team
Dark WorldRobertYu-Gi-Oh Genesys,Dark World,1500,Robert,DarkWorldRobert,3,Yu-Gi-Oh Genesys
CrusadiaJoshYu-Gi-Oh Team,Crusadia,1538,Josh,CrusadiaJosh,3,Yu-Gi-Oh Team
ChaosMatYu-Gi-Oh Team,Chaos,1338,Mat,ChaosMat,4,Yu-Gi-Oh Team
Dark WorldRobertYu-Gi-Oh Team,Dark World,1461,Robert,DarkWorldRobert,3,Yu-Gi-Oh Team
Red EyesAlexYu-Gi-Oh Team,Red Eyes,1461,Alex,RedEyesAlex,3,Yu-Gi-Oh Team
NouvellesRobertYu-Gi-Oh Team,Nouvelles,1559,Robert,NouvellesRobert,3,Yu-Gi-Oh Team
Voiceless VoiceAlexYu-Gi-Oh Team,Voiceless Voice,1770,Alex,VoicelessVoiceAlex,2,Yu-Gi-Oh Team
CrusadiaJoshYu-Gi-Oh Team,Crusadia,1517,Josh,CrusadiaJosh,3,Yu-Gi-Oh Team
Gods and AphosisMatYu-Gi-Oh Team,Gods and Aphosis,1511,Mat,GodsandAphosisMat,3,Yu-Gi-Oh Team
F AMatYu-Gi-Oh,F A,1500,Mat,FAMat,3,Yu-Gi-Oh
F AMatYu-Gi-Oh FFA,F A,1500,Mat,FAMat,3,Yu-Gi-Oh FFA
F AMatYu-Gi-Oh Team,F A,1500,Mat,FAMat,3,Yu-Gi-Oh Team
F AMatYu-Gi-Oh Genesys,F A,1500,Mat,FAMat,3,Yu-Gi-Oh Genesys
NouvellesRobertYu-Gi-Oh Team,Nouvelles,1578,Robert,NouvellesRobert,3,Yu-Gi-Oh Team
InfernobleAlexYu-Gi-Oh Team,Infernoble,1729,Alex,InfernobleAlex,3,Yu-Gi-Oh Team
F AMatYu-Gi-Oh Team,F A,1480,Mat,FAMat,3,Yu-Gi-Oh Team
CrusadiaJoshYu-Gi-Oh Team,Crusadia,1497,Josh,CrusadiaJosh,3,Yu-Gi-Oh Team
Dark MagicianMatYu-Gi-Oh,Dark Magician,1626,Mat,DarkMagicianMat,3,Yu-Gi-Oh
Ancient GearsAlexYu-Gi-Oh,Ancient Gears,1666,Alex,AncientGearsAlex,3,Yu-Gi-Oh
Blue EyesMatt WYu-Gi-Oh,Blue Eyes,1500,Matt W,BlueEyesMattW,3,Yu-Gi-Oh
Blue EyesMatt WYu-Gi-Oh FFA,Blue Eyes,1500,Matt W,BlueEyesMattW,3,Yu-Gi-Oh FFA
Blue EyesMatt WYu-Gi-Oh Team,Blue Eyes,1500,Matt W,BlueEyesMattW,3,Yu-Gi-Oh Team
Blue EyesMatt WYu-Gi-Oh Genesys,Blue Eyes,1500,Matt W,BlueEyesMattW,3,Yu-Gi-Oh Genesys
Plunder PatrollRobertYu-Gi-Oh,Plunder Patroll,1500,Robert,PlunderPatrollRobert,3,Yu-Gi-Oh
Plunder PatrollRobertYu-Gi-Oh FFA,Plunder Patroll,1500,Robert,PlunderPatrollRobert,3,Yu-Gi-Oh FFA
Plunder PatrollRobertYu-Gi-Oh Team,Plunder Patroll,1500,Robert,PlunderPatrollRobert,3,Yu-Gi-Oh Team
Plunder PatrollRobertYu-Gi-Oh Genesys,Plunder Patroll,1500,Robert,PlunderPatrollRobert,3,Yu-Gi-Oh Genesys
Blue EyesMatt WYu-Gi-Oh FFA,Blue Eyes,1530,Matt W,BlueEyesMattW,3,Yu-Gi-Oh FFA
Nemleria RegenesisRobertYu-Gi-Oh FFA,Nemleria Regenesis,1309,Robert,NemleriaRegenesisRobert,4,Yu-Gi-Oh FFA
HEROOllieYu-Gi-Oh FFA,HERO,1633,Ollie,HEROOllie,3,Yu-Gi-Oh FFA
Blue EyesMatt WYu-Gi-Oh,Blue Eyes,1510,Matt W,BlueEyesMattW,3,Yu-Gi-Oh
EarthboundOllieYu-Gi-Oh,Earthbound,1217,Ollie,EarthboundOllie,4,Yu-Gi-Oh
CubicOllieYu-Gi-Oh,Cubic,1345,Ollie,CubicOllie,4,Yu-Gi-Oh
Plunder PatrollRobertYu-Gi-Oh,Plunder Patroll,1454,Robert,PlunderPatrollRobert,3,Yu-Gi-Oh
Blue EyesMatt WYu-Gi-Oh FFA,Blue Eyes,1576,Matt W,BlueEyesMattW,3,Yu-Gi-Oh FFA
Blue Eyes SynchroRobertYu-Gi-Oh FFA,Blue Eyes Synchro,1725,Robert,BlueEyesSynchroRobert,3,Yu-Gi-Oh FFA
Blue Eyes RitualOllieYu-Gi-Oh FFA,Blue Eyes Ritual,1685,Ollie,BlueEyesRitualOllie,3,Yu-Gi-Oh FFA
Red Dragon ArchfiendMatt WYu-Gi-Oh,Red Dragon Archfiend,1500,Matt W,RedDragonArchfiendMattW,3,Yu-Gi-Oh
Red Dragon ArchfiendMatt WYu-Gi-Oh FFA,Red Dragon Archfiend,1500,Matt W,RedDragonArchfiendMattW,3,Yu-Gi-Oh FFA
Red Dragon ArchfiendMatt WYu-Gi-Oh Team,Red Dragon Archfiend,1500,Matt W,RedDragonArchfiendMattW,3,Yu-Gi-Oh Team
Red Dragon ArchfiendMatt WYu-Gi-Oh Genesys,Red Dragon Archfiend,1500,Matt W,RedDragonArchfiendMattW,3,Yu-Gi-Oh Genesys
Orcust CyDraRobertYu-Gi-Oh FFA,Orcust CyDra,1620,Robert,OrcustCyDraRobert,3,Yu-Gi-Oh FFA
Red Dragon ArchfiendMatt WYu-Gi-Oh FFA,Red Dragon Archfiend,1472,Matt W,RedDragonArchfiendMattW,3,Yu-Gi-Oh FFA
HEROOllieYu-Gi-Oh FFA,HERO,1605,Ollie,HEROOllie,3,Yu-Gi-Oh FFA
YummyRobertYu-Gi-Oh,Yummy,1500,Robert,YummyRobert,3,Yu-Gi-Oh
YummyRobertYu-Gi-Oh FFA,Yummy,1500,Robert,YummyRobert,3,Yu-Gi-Oh FFA
YummyRobertYu-Gi-Oh Team,Yummy,1500,Robert,YummyRobert,3,Yu-Gi-Oh Team
YummyRobertYu-Gi-Oh Genesys,Yummy,1500,Robert,YummyRobert,3,Yu-Gi-Oh Genesys
Lair of DarknessOllieYu-Gi-Oh,Lair of Darkness,1500,Ollie,LairofDarknessOllie,3,Yu-Gi-Oh
Lair of DarknessOllieYu-Gi-Oh FFA,Lair of Darkness,1500,Ollie,LairofDarknessOllie,3,Yu-Gi-Oh FFA
Lair of DarknessOllieYu-Gi-Oh Team,Lair of Darkness,1500,Ollie,LairofDarknessOllie,3,Yu-Gi-Oh Team
Lair of DarknessOllieYu-Gi-Oh Genesys,Lair of Darkness,1500,Ollie,LairofDarknessOllie,3,Yu-Gi-Oh Genesys
ChaosMatYu-Gi-Oh FFA,Chaos,1345,Mat,ChaosMat,4,Yu-Gi-Oh FFA
YummyRobertYu-Gi-Oh FFA,Yummy,1454,Robert,YummyRobert,3,Yu-Gi-Oh FFA
Lair of DarknessOllieYu-Gi-Oh FFA,Lair of Darkness,1454,Ollie,LairofDarknessOllie,3,Yu-Gi-Oh FFA
Blue Eyes RitualOllieYu-Gi-Oh FFA,Blue Eyes Ritual,1712,Ollie,BlueEyesRitualOllie,3,Yu-Gi-Oh FFA
Blue Eyes SynchroRobertYu-Gi-Oh FFA,Blue Eyes Synchro,1697,Robert,BlueEyesSynchroRobert,3,Yu-Gi-Oh FFA
Dark MagicianMatYu-Gi-Oh FFA,Dark Magician,1570,Mat,DarkMagicianMat,3,Yu-Gi-Oh FFA
Gate GuardianOllieYu-Gi-Oh,Gate Guardian,1500,Ollie,GateGuardianOllie,3,Yu-Gi-Oh
Gate GuardianOllieYu-Gi-Oh FFA,Gate Guardian,1500,Ollie,GateGuardianOllie,3,Yu-Gi-Oh FFA
Gate GuardianOllieYu-Gi-Oh Team,Gate Guardian,1500,Ollie,GateGuardianOllie,3,Yu-Gi-Oh Team
Gate GuardianOllieYu-Gi-Oh Genesys,Gate Guardian,1500,Ollie,GateGuardianOllie,3,Yu-Gi-Oh Genesys
Blue eyesAlexYu-Gi-Oh,Blue eyes,1500,Alex,BlueeyesAlex,3,Yu-Gi-Oh
Blue eyesAlexYu-Gi-Oh FFA,Blue eyes,1500,Alex,BlueeyesAlex,3,Yu-Gi-Oh FFA
Blue eyesAlexYu-Gi-Oh Team,Blue eyes,1500,Alex,BlueeyesAlex,3,Yu-Gi-Oh Team
Blue eyesAlexYu-Gi-Oh Genesys,Blue eyes,1500,Alex,BlueeyesAlex,3,Yu-Gi-Oh Genesys
ChaosMatYu-Gi-Oh FFA,Chaos,1385,Mat,ChaosMat,4,Yu-Gi-Oh FFA
Blue eyesAlexYu-Gi-Oh FFA,Blue eyes,1459,Alex,BlueeyesAlex,3,Yu-Gi-Oh FFA
Lair of DarknessOllieYu-Gi-Oh FFA,Lair of Darkness,1413,Ollie,LairofDarknessOllie,3,Yu-Gi-Oh FFA
ExodiaAlexYu-Gi-Oh FFA,Exodia,1529,Alex,ExodiaAlex,3,Yu-Gi-Oh FFA
Lair of DarknessOllieYu-Gi-Oh FFA,Lair of Darkness,1383,Ollie,LairofDarknessOllie,4,Yu-Gi-Oh FFA
Blue EyesMatt WYu-Gi-Oh FFA,Blue Eyes,1546,Matt W,BlueEyesMattW,3,Yu-Gi-Oh FFA
ExodiaAlexYu-Gi-Oh FFA,Exodia,1560,Alex,ExodiaAlex,3,Yu-Gi-Oh FFA
Orcust CyDraRobertYu-Gi-Oh FFA,Orcust CyDra,1588,Robert,OrcustCyDraRobert,3,Yu-Gi-Oh FFA
Red Dragon ArchfiendMatt WYu-Gi-Oh FFA,Red Dragon Archfiend,1440,Matt W,RedDragonArchfiendMattW,3,Yu-Gi-Oh FFA
YummyRobertYu-Gi-Oh,Yummy,1551,Robert,YummyRobert,3,Yu-Gi-Oh
Blue EyesMatt WYu-Gi-Oh,Blue Eyes,1458,Matt W,BlueEyesMattW,3,Yu-Gi-Oh
YummyRobertYu-Gi-Oh,Yummy,1569,Robert,YummyRobert,3,Yu-Gi-Oh
ChaosMatYu-Gi-Oh,Chaos,1275,Mat,ChaosMat,4,Yu-Gi-Oh
F AMatYu-Gi-Oh,F A,1550,Mat,FAMat,3,Yu-Gi-Oh
Gate GuardianOllieYu-Gi-Oh,Gate Guardian,1450,Ollie,GateGuardianOllie,3,Yu-Gi-Oh
TistinaRobertYu-Gi-Oh Genesys,Tistina,1580,Robert,TistinaRobert,3,Yu-Gi-Oh Genesys
Dark MagicianMatYu-Gi-Oh Genesys,Dark Magician,1669,Mat,DarkMagicianMat,3,Yu-Gi-Oh Genesys
TistinaRobertYu-Gi-Oh Genesys,Tistina,1617,Robert,TistinaRobert,3,Yu-Gi-Oh Genesys
Dark MagicianMatYu-Gi-Oh Genesys,Dark Magician,1631,Mat,DarkMagicianMat,3,Yu-Gi-Oh Genesys
Dark Souls Elden RingRobertCommander,Dark Souls Elden Ring,1500,Robert,DarkSoulsEldenRingRobert,3,Commander
Holy VampiresMatCommander,Holy Vampires,1500,Mat,HolyVampiresMat,3,Commander
InfernobleAlexYu-Gi-Oh Genesys,Infernoble,1761,Alex,InfernobleAlex,2,Yu-Gi-Oh Genesys
Crystal BeastRobertYu-Gi-Oh Genesys,Crystal Beast,1488,Robert,CrystalBeastRobert,3,Yu-Gi-Oh Genesys
Dark MagicianMatYu-Gi-Oh Genesys,Dark Magician,1649,Mat,DarkMagicianMat,3,Yu-Gi-Oh Genesys
Crystal BeastRobertYu-Gi-Oh Genesys,Crystal Beast,1469,Robert,CrystalBeastRobert,3,Yu-Gi-Oh Genesys
InfernobleAlexYu-Gi-Oh Genesys,Infernoble,1781,Alex,InfernobleAlex,2,Yu-Gi-Oh Genesys
Dark MagicianMatYu-Gi-Oh Genesys,Dark Magician,1628,Mat,DarkMagicianMat,3,Yu-Gi-Oh Genesys
NouvellesRobertYu-Gi-Oh,Nouvelles,1512,Robert,NouvellesRobert,3,Yu-Gi-Oh
ChaosMatYu-Gi-Oh,Chaos,1262,Mat,ChaosMat,4,Yu-Gi-Oh
NouvellesRobertYu-Gi-Oh,Nouvelles,1556,Robert,NouvellesRobert,3,Yu-Gi-Oh
Live TwinAlexYu-Gi-Oh,Live Twin,1652,Alex,LiveTwinAlex,3,Yu-Gi-Oh
Blue Eyes GenesysAshYu-Gi-Oh,Blue Eyes Genesys,1500,Ash,BlueEyesGenesysAsh,3,Yu-Gi-Oh
Blue Eyes GenesysAshYu-Gi-Oh FFA,Blue Eyes Genesys,1500,Ash,BlueEyesGenesysAsh,3,Yu-Gi-Oh FFA
Blue Eyes GenesysAshYu-Gi-Oh Team,Blue Eyes Genesys,1500,Ash,BlueEyesGenesysAsh,3,Yu-Gi-Oh Team
Blue Eyes GenesysAshYu-Gi-Oh Genesys,Blue Eyes Genesys,1500,Ash,BlueEyesGenesysAsh,3,Yu-Gi-Oh Genesys
Fire King JurracChrisYu-Gi-Oh,Fire King Jurrac,1500,Chris,FireKingJurracChris,3,Yu-Gi-Oh
Fire King JurracChrisYu-Gi-Oh FFA,Fire King Jurrac,1500,Chris,FireKingJurracChris,3,Yu-Gi-Oh FFA
Fire King JurracChrisYu-Gi-Oh Team,Fire King Jurrac,1500,Chris,FireKingJurracChris,3,Yu-Gi-Oh Team
Fire King JurracChrisYu-Gi-Oh Genesys,Fire King Jurrac,1500,Chris,FireKingJurracChris,3,Yu-Gi-Oh Genesys
HEROAshYu-Gi-Oh,HERO,1500,Ash,HEROAsh,3,Yu-Gi-Oh
HEROAshYu-Gi-Oh FFA,HERO,1500,Ash,HEROAsh,3,Yu-Gi-Oh FFA
HEROAshYu-Gi-Oh Team,HERO,1500,Ash,HEROAsh,3,Yu-Gi-Oh Team
HEROAshYu-Gi-Oh Genesys,HERO,1500,Ash,HEROAsh,3,Yu-Gi-Oh Genesys
TearlamentsWillYu-Gi-Oh,Tearlaments,1500,Will,TearlamentsWill,3,Yu-Gi-Oh
TearlamentsWillYu-Gi-Oh FFA,Tearlaments,1500,Will,TearlamentsWill,3,Yu-Gi-Oh FFA
TearlamentsWillYu-Gi-Oh Team,Tearlaments,1500,Will,TearlamentsWill,3,Yu-Gi-Oh Team
TearlamentsWillYu-Gi-Oh Genesys,Tearlaments,1500,Will,TearlamentsWill,3,Yu-Gi-Oh Genesys
Radiant TyphoonChrisYu-Gi-Oh,Radiant Typhoon,1500,Chris,RadiantTyphoonChris,3,Yu-Gi-Oh
Radiant TyphoonChrisYu-Gi-Oh FFA,Radiant Typhoon,1500,Chris,RadiantTyphoonChris,3,Yu-Gi-Oh FFA
Radiant TyphoonChrisYu-Gi-Oh Team,Radiant Typhoon,1500,Chris,RadiantTyphoonChris,3,Yu-Gi-Oh Team
Radiant TyphoonChrisYu-Gi-Oh Genesys,Radiant Typhoon,1500,Chris,RadiantTyphoonChris,3,Yu-Gi-Oh Genesys
Gunkan SushipRobertYu-Gi-Oh Genesys,Gunkan Suship,1530,Robert,GunkanSushipRobert,3,Yu-Gi-Oh Genesys
Blue Eyes GenesysAshYu-Gi-Oh Genesys,Blue Eyes Genesys,1470,Ash,BlueEyesGenesysAsh,3,Yu-Gi-Oh Genesys
Fire King JurracChrisYu-Gi-Oh Genesys,Fire King Jurrac,1527,Chris,FireKingJurracChris,3,Yu-Gi-Oh Genesys
Crystal BeastRobertYu-Gi-Oh Genesys,Crystal Beast,1441,Robert,CrystalBeastRobert,3,Yu-Gi-Oh Genesys
Fire King JurracChrisYu-Gi-Oh Genesys,Fire King Jurrac,1549,Chris,FireKingJurracChris,3,Yu-Gi-Oh Genesys
Crystal BeastRobertYu-Gi-Oh Genesys,Crystal Beast,1418,Robert,CrystalBeastRobert,3,Yu-Gi-Oh Genesys
TistinaRobertYu-Gi-Oh Genesys,Tistina,1637,Robert,TistinaRobert,3,Yu-Gi-Oh Genesys
TearlamentsWillYu-Gi-Oh Genesys,Tearlaments,1479,Will,TearlamentsWill,3,Yu-Gi-Oh Genesys
TistinaRobertYu-Gi-Oh Genesys,Tistina,1655,Robert,TistinaRobert,3,Yu-Gi-Oh Genesys
HEROAshYu-Gi-Oh Genesys,HERO,1481,Ash,HEROAsh,3,Yu-Gi-Oh Genesys
TistinaRobertYu-Gi-Oh Genesys,Tistina,1676,Robert,TistinaRobert,3,Yu-Gi-Oh Genesys
Fire King JurracChrisYu-Gi-Oh Genesys,Fire King Jurrac,1527,Chris,FireKingJurracChris,3,Yu-Gi-Oh Genesys
TistinaRobertYu-Gi-Oh Genesys,Tistina,1693,Robert,TistinaRobert,3,Yu-Gi-Oh Genesys
Fire King JurracChrisYu-Gi-Oh Genesys,Fire King Jurrac,1509,Chris,FireKingJurracChris,3,Yu-Gi-Oh Genesys
PenguinsOllieYu-Gi-Oh,Penguins,1500,Ollie,PenguinsOllie,3,Yu-Gi-Oh
PenguinsOllieYu-Gi-Oh FFA,Penguins,1500,Ollie,PenguinsOllie,3,Yu-Gi-Oh FFA
PenguinsOllieYu-Gi-Oh Team,Penguins,1500,Ollie,PenguinsOllie,3,Yu-Gi-Oh Team
PenguinsOllieYu-Gi-Oh Genesys,Penguins,1500,Ollie,PenguinsOllie,3,Yu-Gi-Oh Genesys
Crystal BeastRobertYu-Gi-Oh Genesys,Crystal Beast,1479,Robert,CrystalBeastRobert,3,Yu-Gi-Oh Genesys
PenguinsOllieYu-Gi-Oh Genesys,Penguins,1438,Ollie,PenguinsOllie,3,Yu-Gi-Oh Genesys
GeneraiderRobertYu-Gi-Oh,Generaider,1500,Robert,GeneraiderRobert,3,Yu-Gi-Oh
GeneraiderRobertYu-Gi-Oh FFA,Generaider,1500,Robert,GeneraiderRobert,3,Yu-Gi-Oh FFA
GeneraiderRobertYu-Gi-Oh Team,Generaider,1500,Robert,GeneraiderRobert,3,Yu-Gi-Oh Team
GeneraiderRobertYu-Gi-Oh Genesys,Generaider,1500,Robert,GeneraiderRobert,3,Yu-Gi-Oh Genesys
Gate GuardianOllieYu-Gi-Oh Genesys,Gate Guardian,1530,Ollie,GateGuardianOllie,3,Yu-Gi-Oh Genesys
GeneraiderRobertYu-Gi-Oh Genesys,Generaider,1470,Robert,GeneraiderRobert,3,Yu-Gi-Oh Genesys
Gunkan SushipRobertYu-Gi-Oh Genesys,Gunkan Suship,1575,Robert,GunkanSushipRobert,3,Yu-Gi-Oh Genesys
Lair of DarknessOllieYu-Gi-Oh Genesys,Lair of Darkness,1454,Ollie,LairofDarknessOllie,3,Yu-Gi-Oh Genesys
ChaosMatYu-Gi-Oh,Chaos,1341,Mat,ChaosMat,4,Yu-Gi-Oh
Red Dragon ArchfiendMatt WYu-Gi-Oh,Red Dragon Archfiend,1420,Matt W,RedDragonArchfiendMattW,3,Yu-Gi-Oh
Ryu-Ge DinosaursRobertYu-Gi-Oh,Ryu-Ge Dinosaurs,1867,Robert,Ryu-GeDinosaursRobert,2,Yu-Gi-Oh
Blue EyesMatt WYu-Gi-Oh,Blue Eyes,1452,Matt W,BlueEyesMattW,3,Yu-Gi-Oh
ExodiaRobertYu-Gi-Oh,Exodia,1500,Robert,ExodiaRobert,3,Yu-Gi-Oh
ExodiaRobertYu-Gi-Oh FFA,Exodia,1500,Robert,ExodiaRobert,3,Yu-Gi-Oh FFA
ExodiaRobertYu-Gi-Oh Team,Exodia,1500,Robert,ExodiaRobert,3,Yu-Gi-Oh Team
ExodiaRobertYu-Gi-Oh Genesys,Exodia,1500,Robert,ExodiaRobert,3,Yu-Gi-Oh Genesys
Lair of DarknessOllieYu-Gi-Oh Genesys,Lair of Darkness,1510,Ollie,LairofDarknessOllie,3,Yu-Gi-Oh Genesys
ExodiaRobertYu-Gi-Oh Genesys,Exodia,1443,Robert,ExodiaRobert,3,Yu-Gi-Oh Genesys
Gem KnightMatYu-Gi-Oh,Gem Knight,1643,Mat,GemKnightMat,3,Yu-Gi-Oh
Blue EyesMatt WYu-Gi-Oh,Blue Eyes,1435,Matt W,BlueEyesMattW,3,Yu-Gi-Oh
InfernobleAlexYu-Gi-Oh Genesys,Infernoble,1790,Alex,InfernobleAlex,2,Yu-Gi-Oh Genesys
Red Dragon ArchfiendMatt WYu-Gi-Oh Genesys,Red Dragon Archfiend,1490,Matt W,RedDragonArchfiendMattW,3,Yu-Gi-Oh Genesys
LibromancerMatYu-Gi-Oh,Libromancer,1500,Mat,LibromancerMat,3,Yu-Gi-Oh
LibromancerMatYu-Gi-Oh FFA,Libromancer,1500,Mat,LibromancerMat,3,Yu-Gi-Oh FFA
LibromancerMatYu-Gi-Oh Team,Libromancer,1500,Mat,LibromancerMat,3,Yu-Gi-Oh Team
LibromancerMatYu-Gi-Oh Genesys,Libromancer,1500,Mat,LibromancerMat,3,Yu-Gi-Oh Genesys
LibromancerMatYu-Gi-Oh Genesys,Libromancer,1532,Mat,LibromancerMat,3,Yu-Gi-Oh Genesys
Gate GuardianOllieYu-Gi-Oh Genesys,Gate Guardian,1497,Ollie,GateGuardianOllie,3,Yu-Gi-Oh Genesys
Gate GuardianOllieYu-Gi-Oh Genesys,Gate Guardian,1542,Ollie,GateGuardianOllie,3,Yu-Gi-Oh Genesys
TistinaRobertYu-Gi-Oh Genesys,Tistina,1647,Robert,TistinaRobert,3,Yu-Gi-Oh Genesys
InfernobleAlexYu-Gi-Oh Genesys,Infernoble,1793,Alex,InfernobleAlex,2,Yu-Gi-Oh Genesys
Gate GuardianOllieYu-Gi-Oh Genesys,Gate Guardian,1529,Ollie,GateGuardianOllie,3,Yu-Gi-Oh Genesys
InfernobleAlexYu-Gi-Oh Genesys,Infernoble,1809,Alex,InfernobleAlex,2,Yu-Gi-Oh Genesys
Dark MagicianMatYu-Gi-Oh Genesys,Dark Magician,1611,Mat,DarkMagicianMat,3,Yu-Gi-Oh Genesys
TistinaRobertYu-Gi-Oh Genesys,Tistina,1667,Robert,TistinaRobert,3,Yu-Gi-Oh Genesys
LibromancerMatYu-Gi-Oh Genesys,Libromancer,1511,Mat,LibromancerMat,3,Yu-Gi-Oh Genesys
EarthboundOllieYu-Gi-Oh Genesys,Earthbound,1351,Ollie,EarthboundOllie,4,Yu-Gi-Oh Genesys
Dark MagicianMatYu-Gi-Oh Genesys,Dark Magician,1559,Mat,DarkMagicianMat,3,Yu-Gi-Oh Genesys
Gate GuardianOllieYu-Gi-Oh Genesys,Gate Guardian,1555,Ollie,GateGuardianOllie,3,Yu-Gi-Oh Genesys
Red Dragon ArchfiendMatt WYu-Gi-Oh Genesys,Red Dragon Archfiend,1463,Matt W,RedDragonArchfiendMattW,3,Yu-Gi-Oh Genesys
TistinaRobertYu-Gi-Oh Genesys,Tistina,1690,Robert,TistinaRobert,3,Yu-Gi-Oh Genesys
Red Dragon ArchfiendMatt WYu-Gi-Oh Genesys,Red Dragon Archfiend,1439,Matt W,RedDragonArchfiendMattW,3,Yu-Gi-Oh Genesys
Gunkan SushipRobertYu-Gi-Oh Genesys,Gunkan Suship,1593,Robert,GunkanSushipRobert,3,Yu-Gi-Oh Genesys
Red Dragon ArchfiendMatt WYu-Gi-Oh Genesys,Red Dragon Archfiend,1420,Matt W,RedDragonArchfiendMattW,3,Yu-Gi-Oh Genesys
Dark MagicianMatt WYu-Gi-Oh,Dark Magician,1500,Matt W,DarkMagicianMattW,3,Yu-Gi-Oh
Dark MagicianMatt WYu-Gi-Oh FFA,Dark Magician,1500,Matt W,DarkMagicianMattW,3,Yu-Gi-Oh FFA
Dark MagicianMatt WYu-Gi-Oh Team,Dark Magician,1500,Matt W,DarkMagicianMattW,3,Yu-Gi-Oh Team
Dark MagicianMatt WYu-Gi-Oh Genesys,Dark Magician,1500,Matt W,DarkMagicianMattW,3,Yu-Gi-Oh Genesys
CubicOllieYu-Gi-Oh Genesys,Cubic,1350,Ollie,CubicOllie,4,Yu-Gi-Oh Genesys
Gunkan SushipRobertYu-Gi-Oh Genesys,Gunkan Suship,1542,Robert,GunkanSushipRobert,3,Yu-Gi-Oh Genesys
CubicOllieYu-Gi-Oh Genesys,Cubic,1392,Ollie,CubicOllie,4,Yu-Gi-Oh Genesys
Dark MagicianMatt WYu-Gi-Oh Genesys,Dark Magician,1457,Matt W,DarkMagicianMattW,3,Yu-Gi-Oh Genesys
DinosaurRobertYu-Gi-Oh,Dinosaur,1500,Robert,DinosaurRobert,3,Yu-Gi-Oh
DinosaurRobertYu-Gi-Oh FFA,Dinosaur,1500,Robert,DinosaurRobert,3,Yu-Gi-Oh FFA
DinosaurRobertYu-Gi-Oh Team,Dinosaur,1500,Robert,DinosaurRobert,3,Yu-Gi-Oh Team
DinosaurRobertYu-Gi-Oh Genesys,Dinosaur,1500,Robert,DinosaurRobert,3,Yu-Gi-Oh Genesys
DinosaurRobertYu-Gi-Oh Genesys,Dinosaur,1526,Robert,DinosaurRobert,3,Yu-Gi-Oh Genesys
Dark MagicianMatt WYu-Gi-Oh Genesys,Dark Magician,1430,Matt W,DarkMagicianMattW,3,Yu-Gi-Oh Genesys
DinosaurRobertYu-Gi-Oh Genesys,Dinosaur,1542,Robert,DinosaurRobert,3,Yu-Gi-Oh Genesys
EarthboundOllieYu-Gi-Oh Genesys,Earthbound,1334,Ollie,EarthboundOllie,4,Yu-Gi-Oh Genesys
Dark MagicianMatt WYu-Gi-Oh Genesys,Dark Magician,1466,Matt W,DarkMagicianMattW,3,Yu-Gi-Oh Genesys
Lair of DarknessOllieYu-Gi-Oh Genesys,Lair of Darkness,1473,Ollie,LairofDarknessOllie,3,Yu-Gi-Oh Genesys
CubicOllieYu-Gi-Oh Genesys,Cubic,1435,Ollie,CubicOllie,3,Yu-Gi-Oh Genesys
Dark MagicianMatYu-Gi-Oh Genesys,Dark Magician,1515,Mat,DarkMagicianMat,3,Yu-Gi-Oh Genesys
Blue Eyes RitualOllieYu-Gi-Oh Genesys,Blue Eyes Ritual,1762,Ollie,BlueEyesRitualOllie,2,Yu-Gi-Oh Genesys
Dark MagicianMatYu-Gi-Oh Genesys,Dark Magician,1502,Mat,DarkMagicianMat,3,Yu-Gi-Oh Genesys
Blue Eyes RitualOllieYu-Gi-Oh Genesys,Blue Eyes Ritual,1771,Ollie,BlueEyesRitualOllie,2,Yu-Gi-Oh Genesys
Dark MagicianMatt WYu-Gi-Oh Genesys,Dark Magician,1456,Matt W,DarkMagicianMattW,3,Yu-Gi-Oh Genesys
LibromancerMatYu-Gi-Oh Genesys,Libromancer,1536,Mat,LibromancerMat,3,Yu-Gi-Oh Genesys
Dark MagicianMatt WYu-Gi-Oh Genesys,Dark Magician,1430,Matt W,DarkMagicianMattW,3,Yu-Gi-Oh Genesys
Lair of DarknessOllieYu-Gi-Oh Genesys,Lair of Darkness,1499,Ollie,LairofDarknessOllie,3,Yu-Gi-Oh Genesys
Dark MagicianMatt WYu-Gi-Oh Genesys,Dark Magician,1403,Matt W,DarkMagicianMattW,3,Yu-Gi-Oh Genesys
InfernobleAlexYu-Gi-Oh Genesys,Infernoble,1818,Alex,InfernobleAlex,2,Yu-Gi-Oh Genesys
Red Dragon ArchfiendMatt WYu-Gi-Oh Genesys,Red Dragon Archfiend,1410,Matt W,RedDragonArchfiendMattW,3,Yu-Gi-Oh Genesys
InfernobleAlexYu-Gi-Oh Genesys,Infernoble,1837,Alex,InfernobleAlex,2,Yu-Gi-Oh Genesys
TistinaRobertYu-Gi-Oh Genesys,Tistina,1670,Robert,TistinaRobert,3,Yu-Gi-Oh Genesys
InfernobleAlexYu-Gi-Oh Genesys,Infernoble,1846,Alex,InfernobleAlex,2,Yu-Gi-Oh Genesys
LibromancerMatYu-Gi-Oh Genesys,Libromancer,1526,Mat,LibromancerMat,3,Yu-Gi-Oh Genesys
DinosaurRobertYu-Gi-Oh Genesys,Dinosaur,1573,Robert,DinosaurRobert,3,Yu-Gi-Oh Genesys
Gate GuardianOllieYu-Gi-Oh Genesys,Gate Guardian,1523,Ollie,GateGuardianOllie,3,Yu-Gi-Oh Genesys
InfernobleAlexYu-Gi-Oh Genesys,Infernoble,1854,Alex,InfernobleAlex,2,Yu-Gi-Oh Genesys
Gate GuardianOllieYu-Gi-Oh Genesys,Gate Guardian,1514,Ollie,GateGuardianOllie,3,Yu-Gi-Oh Genesys
Lair of DarknessOllieYu-Gi-Oh Genesys,Lair of Darkness,1527,Ollie,LairofDarknessOllie,3,Yu-Gi-Oh Genesys
Crystal BeastRobertYu-Gi-Oh Genesys,Crystal Beast,1450,Robert,CrystalBeastRobert,3,Yu-Gi-Oh Genesys
Lair of DarknessOllieYu-Gi-Oh Genesys,Lair of Darkness,1547,Ollie,LairofDarknessOllie,3,Yu-Gi-Oh Genesys
Red Dragon ArchfiendMatt WYu-Gi-Oh Genesys,Red Dragon Archfiend,1389,Matt W,RedDragonArchfiendMattW,4,Yu-Gi-Oh Genesys
Lair of DarknessOllieYu-Gi-Oh Genesys,Lair of Darkness,1575,Ollie,LairofDarknessOllie,3,Yu-Gi-Oh Genesys
LibromancerMatYu-Gi-Oh Genesys,Libromancer,1497,Mat,LibromancerMat,3,Yu-Gi-Oh Genesys
Dark MagicianMatYu-Gi-Oh Genesys,Dark Magician,1522,Mat,DarkMagicianMat,3,Yu-Gi-Oh Genesys
Red Dragon ArchfiendMatt WYu-Gi-Oh Genesys,Red Dragon Archfiend,1368,Matt W,RedDragonArchfiendMattW,4,Yu-Gi-Oh Genesys
TistinaRobertYu-Gi-Oh Genesys,Tistina,1684,Robert,TistinaRobert,3,Yu-Gi-Oh Genesys
Red Dragon ArchfiendMatt WYu-Gi-Oh Genesys,Red Dragon Archfiend,1353,Matt W,RedDragonArchfiendMattW,4,Yu-Gi-Oh Genesys
Gunkan SushipRobertYu-Gi-Oh Genesys,Gunkan Suship,1557,Robert,GunkanSushipRobert,3,Yu-Gi-Oh Genesys
Red Dragon ArchfiendMatt WYu-Gi-Oh Genesys,Red Dragon Archfiend,1337,Matt W,RedDragonArchfiendMattW,4,Yu-Gi-Oh Genesys
Icejade RaRobertYu-Gi-Oh,Icejade Ra,1500,Robert,IcejadeRaRobert,3,Yu-Gi-Oh
Icejade RaRobertYu-Gi-Oh FFA,Icejade Ra,1500,Robert,IcejadeRaRobert,3,Yu-Gi-Oh FFA
Icejade RaRobertYu-Gi-Oh Team,Icejade Ra,1500,Robert,IcejadeRaRobert,3,Yu-Gi-Oh Team
Icejade RaRobertYu-Gi-Oh Genesys,Icejade Ra,1500,Robert,IcejadeRaRobert,3,Yu-Gi-Oh Genesys
BrandedRobertYu-Gi-Oh,Branded,1500,Robert,BrandedRobert,3,Yu-Gi-Oh
BrandedRobertYu-Gi-Oh FFA,Branded,1500,Robert,BrandedRobert,3,Yu-Gi-Oh FFA
BrandedRobertYu-Gi-Oh Team,Branded,1500,Robert,BrandedRobert,3,Yu-Gi-Oh Team
BrandedRobertYu-Gi-Oh Genesys,Branded,1500,Robert,BrandedRobert,3,Yu-Gi-Oh Genesys
Dark WorldMatYu-Gi-Oh,Dark World,1500,Mat,DarkWorldMat,3,Yu-Gi-Oh
Dark WorldMatYu-Gi-Oh FFA,Dark World,1500,Mat,DarkWorldMat,3,Yu-Gi-Oh FFA
Dark WorldMatYu-Gi-Oh Team,Dark World,1500,Mat,DarkWorldMat,3,Yu-Gi-Oh Team
Dark WorldMatYu-Gi-Oh Genesys,Dark World,1500,Mat,DarkWorldMat,3,Yu-Gi-Oh Genesys
BrandedRobertYu-Gi-Oh,Branded,1550,Robert,BrandedRobert,3,Yu-Gi-Oh
Dark WorldMatYu-Gi-Oh,Dark World,1450,Mat,DarkWorldMat,3,Yu-Gi-Oh
Dark MagicianMatYu-Gi-Oh,Dark Magician,1640,Mat,DarkMagicianMat,3,Yu-Gi-Oh
Blue EyesMatt WYu-Gi-Oh,Blue Eyes,1420,Matt W,BlueEyesMattW,3,Yu-Gi-Oh
Blue EyesMatt WYu-Gi-Oh,Blue Eyes,1443,Matt W,BlueEyesMattW,3,Yu-Gi-Oh
ChaosMatYu-Gi-Oh,Chaos,1317,Mat,ChaosMat,4,Yu-Gi-Oh
BrandedRobertYu-Gi-Oh,Branded,1571,Robert,BrandedRobert,3,Yu-Gi-Oh
Blue EyesMatt WYu-Gi-Oh,Blue Eyes,1421,Matt W,BlueEyesMattW,3,Yu-Gi-Oh
Dark MagicianMatt WYu-Gi-Oh Genesys,Dark Magician,1441,Matt W,DarkMagicianMattW,3,Yu-Gi-Oh Genesys
F AMatYu-Gi-Oh Genesys,F A,1461,Mat,FAMat,3,Yu-Gi-Oh Genesys
Icejade RaRobertYu-Gi-Oh Genesys,Icejade Ra,1524,Robert,IcejadeRaRobert,3,Yu-Gi-Oh Genesys
Dark MagicianMatt WYu-Gi-Oh Genesys,Dark Magician,1416,Matt W,DarkMagicianMattW,3,Yu-Gi-Oh Genesys
Icejade RaRobertYu-Gi-Oh Genesys,Icejade Ra,1553,Robert,IcejadeRaRobert,3,Yu-Gi-Oh Genesys
Dark MagicianMatYu-Gi-Oh Genesys,Dark Magician,1492,Mat,DarkMagicianMat,3,Yu-Gi-Oh Genesys
YummyRobertYu-Gi-Oh,Yummy,1615,Robert,YummyRobert,3,Yu-Gi-Oh
MalissAlexYu-Gi-Oh,Maliss,1739,Alex,MalissAlex,3,Yu-Gi-Oh
ChaosMatYu-Gi-Oh,Chaos,1404,Mat,ChaosMat,3,Yu-Gi-Oh
Blue Eyes RitualOllieYu-Gi-Oh,Blue Eyes Ritual,1566,Ollie,BlueEyesRitualOllie,3,Yu-Gi-Oh
YummyRobertYu-Gi-Oh,Yummy,1635,Robert,YummyRobert,3,Yu-Gi-Oh
LibromancerMatYu-Gi-Oh,Libromancer,1479,Mat,LibromancerMat,3,Yu-Gi-Oh
Blue Eyes RitualOllieYu-Gi-Oh,Blue Eyes Ritual,1601,Ollie,BlueEyesRitualOllie,3,Yu-Gi-Oh
YummyRobertYu-Gi-Oh,Yummy,1599,Robert,YummyRobert,3,Yu-Gi-Oh
MalissAlexYu-Gi-Oh,Maliss,1749,Alex,MalissAlex,3,Yu-Gi-Oh
LibromancerMatYu-Gi-Oh,Libromancer,1468,Mat,LibromancerMat,3,Yu-Gi-Oh
Blue Eyes RitualOllieYu-Gi-Oh,Blue Eyes Ritual,1632,Ollie,BlueEyesRitualOllie,3,Yu-Gi-Oh
LibromancerMatYu-Gi-Oh,Libromancer,1436,Mat,LibromancerMat,3,Yu-Gi-Oh
Ryu-Ge DinosaursRobertYu-Gi-Oh,Ryu-Ge Dinosaurs,1881,Robert,Ryu-GeDinosaursRobert,2,Yu-Gi-Oh
Ancient GearsAlexYu-Gi-Oh,Ancient Gears,1651,Alex,AncientGearsAlex,3,Yu-Gi-Oh
Blue Eyes SynchroRobertYu-Gi-Oh,Blue Eyes Synchro,1830,Robert,BlueEyesSynchroRobert,2,Yu-Gi-Oh
Blue Eyes RitualOllieYu-Gi-Oh,Blue Eyes Ritual,1604,Ollie,BlueEyesRitualOllie,3,Yu-Gi-Oh
Nemleria RegenesisRobertYu-Gi-Oh,Nemleria Regenesis,1338,Robert,NemleriaRegenesisRobert,4,Yu-Gi-Oh
ChaosMatYu-Gi-Oh,Chaos,1365,Mat,ChaosMat,4,Yu-Gi-Oh
YummyRobertYu-Gi-Oh,Yummy,1629,Robert,YummyRobert,3,Yu-Gi-Oh
Blue Eyes RitualOllieYu-Gi-Oh,Blue Eyes Ritual,1573,Ollie,BlueEyesRitualOllie,3,Yu-Gi-Oh
NouvellesRobertYu-Gi-Oh,Nouvelles,1593,Robert,NouvellesRobert,3,Yu-Gi-Oh
Dark MagicianMatYu-Gi-Oh,Dark Magician,1602,Mat,DarkMagicianMat,3,Yu-Gi-Oh
Blue Eyes SynchroRobertYu-Gi-Oh,Blue Eyes Synchro,1841,Robert,BlueEyesSynchroRobert,2,Yu-Gi-Oh
Blue Eyes RitualOllieYu-Gi-Oh,Blue Eyes Ritual,1561,Ollie,BlueEyesRitualOllie,3,Yu-Gi-Oh
Blue Eyes SynchroRobertYu-Gi-Oh,Blue Eyes Synchro,1850,Robert,BlueEyesSynchroRobert,2,Yu-Gi-Oh
Blue Eyes RitualOllieYu-Gi-Oh,Blue Eyes Ritual,1551,Ollie,BlueEyesRitualOllie,3,Yu-Gi-Oh
YummyRobertYu-Gi-Oh,Yummy,1652,Robert,YummyRobert,3,Yu-Gi-Oh
Blue Eyes RitualOllieYu-Gi-Oh,Blue Eyes Ritual,1527,Ollie,BlueEyesRitualOllie,3,Yu-Gi-Oh
LabrynthRobertYu-Gi-Oh,Labrynth,1578,Robert,LabrynthRobert,3,Yu-Gi-Oh
Lair of DarknessOllieYu-Gi-Oh,Lair of Darkness,1474,Ollie,LairofDarknessOllie,3,Yu-Gi-Oh
NouvellesRobertYu-Gi-Oh,Nouvelles,1610,Robert,NouvellesRobert,3,Yu-Gi-Oh
LibromancerMatYu-Gi-Oh,Libromancer,1418,Mat,LibromancerMat,3,Yu-Gi-Oh
LibromancerMatYu-Gi-Oh,Libromancer,1463,Mat,LibromancerMat,3,Yu-Gi-Oh
NouvellesRobertYu-Gi-Oh,Nouvelles,1564,Robert,NouvellesRobert,3,Yu-Gi-Oh
Blue Eyes RitualOllieYu-Gi-Oh,Blue Eyes Ritual,1582,Ollie,BlueEyesRitualOllie,3,Yu-Gi-Oh
NouvellesRobertYu-Gi-Oh,Nouvelles,1508,Robert,NouvellesRobert,3,Yu-Gi-Oh
NouvellesRobertYu-Gi-Oh,Nouvelles,1588,Robert,NouvellesRobert,3,Yu-Gi-Oh
InfernobleAlexYu-Gi-Oh,Infernoble,1676,Alex,InfernobleAlex,3,Yu-Gi-Oh
OrcustRobertYu-Gi-Oh,Orcust,1500,Robert,OrcustRobert,3,Yu-Gi-Oh
OrcustRobertYu-Gi-Oh FFA,Orcust,1500,Robert,OrcustRobert,3,Yu-Gi-Oh FFA
OrcustRobertYu-Gi-Oh Team,Orcust,1500,Robert,OrcustRobert,3,Yu-Gi-Oh Team
OrcustRobertYu-Gi-Oh Genesys,Orcust,1500,Robert,OrcustRobert,3,Yu-Gi-Oh Genesys
LibromancerMatYu-Gi-Oh,Libromancer,1518,Mat,LibromancerMat,3,Yu-Gi-Oh
OrcustRobertYu-Gi-Oh,Orcust,1444,Robert,OrcustRobert,3,Yu-Gi-Oh
TistinaRobertYu-Gi-Oh,Tistina,1573,Robert,TistinaRobert,3,Yu-Gi-Oh
Dark MagicianMatYu-Gi-Oh,Dark Magician,1539,Mat,DarkMagicianMat,3,Yu-Gi-Oh
TistinaRobertYu-Gi-Oh,Tistina,1615,Robert,TistinaRobert,3,Yu-Gi-Oh
LibromancerMatYu-Gi-Oh,Libromancer,1475,Mat,LibromancerMat,3,Yu-Gi-Oh
NouvellesRobertYu-Gi-Oh,Nouvelles,1608,Robert,NouvellesRobert,3,Yu-Gi-Oh
LibromancerMatYu-Gi-Oh,Libromancer,1454,Mat,LibromancerMat,3,Yu-Gi-Oh
EarthboundOllieYu-Gi-Oh,Earthbound,1293,Ollie,EarthboundOllie,4,Yu-Gi-Oh
Red Dragon ArchfiendMatt WYu-Gi-Oh,Red Dragon Archfiend,1343,Matt W,RedDragonArchfiendMattW,4,Yu-Gi-Oh
NouvellesRobertYu-Gi-Oh,Nouvelles,1625,Robert,NouvellesRobert,3,Yu-Gi-Oh
Red Dragon ArchfiendMatt WYu-Gi-Oh,Red Dragon Archfiend,1325,Matt W,RedDragonArchfiendMattW,4,Yu-Gi-Oh
TistinaRobertYu-Gi-Oh Genesys,Tistina,1708,Robert,TistinaRobert,3,Yu-Gi-Oh Genesys
Dark MagicianMatYu-Gi-Oh Genesys,Dark Magician,1467,Mat,DarkMagicianMat,3,Yu-Gi-Oh Genesys
LibromancerMatYu-Gi-Oh Genesys,Libromancer,1528,Mat,LibromancerMat,3,Yu-Gi-Oh Genesys
Gate GuardianOllieYu-Gi-Oh Genesys,Gate Guardian,1482,Ollie,GateGuardianOllie,3,Yu-Gi-Oh Genesys
NouvellesRobertYu-Gi-Oh Genesys,Nouvelles,1527,Robert,NouvellesRobert,3,Yu-Gi-Oh Genesys
EarthboundOllieYu-Gi-Oh Genesys,Earthbound,1306,Ollie,EarthboundOllie,4,Yu-Gi-Oh Genesys
BrandedRobertYu-Gi-Oh,Branded,1591,Robert,BrandedRobert,3,Yu-Gi-Oh
LibromancerMatYu-Gi-Oh,Libromancer,1433,Mat,LibromancerMat,3,Yu-Gi-Oh
LibromancerMatYu-Gi-Oh,Libromancer,1475,Mat,LibromancerMat,3,Yu-Gi-Oh
BrandedRobertYu-Gi-Oh,Branded,1548,Robert,BrandedRobert,3,Yu-Gi-Oh
TistinaRobertYu-Gi-Oh Genesys,Tistina,1727,Robert,TistinaRobert,3,Yu-Gi-Oh Genesys
Lair of DarknessOllieYu-Gi-Oh Genesys,Lair of Darkness,1555,Ollie,LairofDarknessOllie,3,Yu-Gi-Oh Genesys
InfernobleAlexYu-Gi-Oh,Infernoble,1683,Alex,InfernobleAlex,3,Yu-Gi-Oh
Red Dragon ArchfiendMatt WYu-Gi-Oh,Red Dragon Archfiend,1317,Matt W,RedDragonArchfiendMattW,4,Yu-Gi-Oh
Gunkan SushipRobertYu-Gi-Oh Genesys,Gunkan Suship,1607,Robert,GunkanSushipRobert,3,Yu-Gi-Oh Genesys
InfernobleAlexYu-Gi-Oh Genesys,Infernoble,1803,Alex,InfernobleAlex,2,Yu-Gi-Oh Genesys
Dark MagicianMatYu-Gi-Oh Genesys,Dark Magician,1504,Mat,DarkMagicianMat,3,Yu-Gi-Oh Genesys
Lair of DarknessOllieYu-Gi-Oh Genesys,Lair of Darkness,1517,Ollie,LairofDarknessOllie,3,Yu-Gi-Oh Genesys
LibromancerMatYu-Gi-Oh,Libromancer,1492,Mat,LibromancerMat,3,Yu-Gi-Oh
Red Dragon ArchfiendMatt WYu-Gi-Oh,Red Dragon Archfiend,1299,Matt W,RedDragonArchfiendMattW,4,Yu-Gi-Oh
Ryu-Ge DinosaursRobertYu-Gi-Oh,Ryu-Ge Dinosaurs,1883,Robert,Ryu-GeDinosaursRobert,2,Yu-Gi-Oh
Red Dragon ArchfiendMatt WYu-Gi-Oh,Red Dragon Archfiend,1296,Matt W,RedDragonArchfiendMattW,4,Yu-Gi-Oh
LibromancerMatYu-Gi-Oh,Libromancer,1534,Mat,LibromancerMat,3,Yu-Gi-Oh
YummyRobertYu-Gi-Oh,Yummy,1609,Robert,YummyRobert,3,Yu-Gi-Oh
Red Dragon ArchfiendMatt WYu-Gi-Oh,Red Dragon Archfiend,1340,Matt W,RedDragonArchfiendMattW,4,Yu-Gi-Oh
Lair of DarknessOllieYu-Gi-Oh,Lair of Darkness,1429,Ollie,LairofDarknessOllie,3,Yu-Gi-Oh
Lair of DarknessOllieYu-Gi-Oh Genesys,Lair of Darkness,1567,Ollie,LairofDarknessOllie,3,Yu-Gi-Oh Genesys
InfernobleAlexYu-Gi-Oh Genesys,Infernoble,1752,Alex,InfernobleAlex,2,Yu-Gi-Oh Genesys
