SliferRobertYu-Gi-Oh,Slifer,1000,Robert,SliferRobert,4,Yu-Gi-Oh
Crystal BeastRobertYu-Gi-Oh,Crystal Beast,1000,Robert,CrystalBeastRobert,4,Yu-Gi-Oh
DinosaursRobertYu-Gi-Oh,Dinosaurs,1000,Robert,DinosaursRobert,4,Yu-Gi-Oh
Dark WorldMatYu-Gi-Oh,Dark World,1000,Mat,DarkWorldMat,4,Yu-Gi-Oh
Dark MagicianMatYu-Gi-Oh,Dark Magician,1000,Mat,DarkMagicianMat,4,Yu-Gi-Oh
SliferOllieYu-Gi-Oh,Slifer,1000,Ollie,SliferOllie,4,Yu-Gi-Oh
Blue EyesOllieYu-Gi-Oh,Blue Eyes,1000,Ollie,BlueEyesOllie,4,Yu-Gi-Oh
Red EyesAlexYu-Gi-Oh,Red Eyes,1000,Alex,RedEyesAlex,4,Yu-Gi-Oh
ExodiaOllieYu-Gi-Oh,Exodia,1000,Ollie,ExodiaOllie,4,Yu-Gi-Oh
Cyber DragonOllieYu-Gi-Oh,Cyber Dragon,1000,Ollie,CyberDragonOllie,4,Yu-Gi-Oh
Cyber DragonAlexYu-Gi-Oh,Cyber Dragon,1000,Alex,CyberDragonAlex,4,Yu-Gi-Oh
Noble KnightsAlexYu-Gi-Oh,Noble Knights,1000,Alex,NobleKnightsAlex,4,Yu-Gi-Oh
Cyber DragonRobertYu-Gi-Oh,Cyber Dragon,1000,Robert,CyberDragonRobert,4,Yu-Gi-Oh
Odd EyesOllieYu-Gi-Oh,Odd Eyes,1000,Ollie,OddEyesOllie,4,Yu-Gi-Oh
Odd EyesRobertYu-Gi-Oh,Odd Eyes,1000,Robert,OddEyesRobert,4,Yu-Gi-Oh
Dark Magician DragonRobertYu-Gi-Oh,Dark Magician Dragon,1000,Robert,DarkMagicianDragonRobert,4,Yu-Gi-Oh
Dark Magician DragonOllieYu-Gi-Oh,Dark Magician Dragon,1000,Ollie,DarkMagicianDragonOllie,4,Yu-Gi-Oh
Festival LeadRobertPokemon,Festival Lead,1000,Robert,FestivalLeadRobert,4,Pokemon
Ancient BoxRobertPokemon,Ancient Box,1000,Robert,AncientBoxRobert,4,Pokemon
United WingsRobertPokemon,United Wings,1000,Robert,UnitedWingsRobert,4,Pokemon
Pikachu and FriendsRobertPokemon,Pikachu and Friends,1000,Robert,PikachuandFriendsRobert,4,Pokemon
Sleeping SlakingRobertPokemon,Sleeping Slaking,1000,Robert,SleepingSlakingRobert,4,Pokemon
Gone FishinRobertPokemon,Gone Fishin,1000,Robert,GoneFishinRobert,4,Pokemon
Toxic GlimmoraRobertPokemon,Toxic Glimmora,1000,Robert,ToxicGlimmoraRobert,4,Pokemon
Giritina Lost BoxRobertPokemon,Giritina Lost Box,1000,Robert,GiritinaLostBoxRobert,4,Pokemon
Wugtrio MillRobertPokemon,Wugtrio Mill,1000,Robert,WugtrioMillRobert,4,Pokemon
JumpluffRobertPokemon,Jumpluff,1000,Robert,JumpluffRobert,4,Pokemon
Rapid Strike UrshifuRobertPokemon,Rapid Strike Urshifu,1000,Robert,RapidStrikeUrshifuRobert,4,Pokemon
Wailord TankRobertPokemon,Wailord Tank,1000,Robert,WailordTankRobert,4,Pokemon
LunarockRobertPokemon,Lunarock,1000,Robert,LunarockRobert,4,Pokemon
Chien-po exRobertPokemon,Chien-po ex,1000,Robert,Chien-poexRobert,4,Pokemon
Psychic EleganceTallyPokemon,Psychic Elegance,1000,Tally,PsychicEleganceTally,4,Pokemon
Giritina VTallyPokemon,Giritina V,1000,Tally,GiritinaVTally,4,Pokemon
Stonjourer TankRobertPokemon,Stonjourer Tank,1000,Robert,StonjourerTankRobert,4,Pokemon
Mewtwo exRobertPokemon,Mewtwo ex,1000,Robert,MewtwoexRobert,4,Pokemon
Exeggutor VRobertPokemon,Exeggutor V,1000,Robert,ExeggutorVRobert,4,Pokemon
GroudonRobertPokemon,Groudon,1000,Robert,GroudonRobert,4,Pokemon
LunalaRobertPokemon,Lunala,1000,Robert,LunalaRobert,4,Pokemon
HoopaRobertPokemon,Hoopa,1000,Robert,HoopaRobert,4,Pokemon
SirfetchdRobertPokemon,Sirfetchd,1000,Robert,SirfetchdRobert,4,Pokemon
ChewtleRobertPokemon,Chewtle,1000,Robert,ChewtleRobert,4,Pokemon
Noivern VRobertPokemon,Noivern V,1000,Robert,NoivernVRobert,4,Pokemon
Corviknight VRobertPokemon,Corviknight V,1000,Robert,CorviknightVRobert,4,Pokemon
Melmetal VRobertPokemon,Melmetal V,1000,Robert,MelmetalVRobert,4,Pokemon
Victini VRobertPokemon,Victini V,1000,Robert,VictiniVRobert,4,Pokemon
Pikachu Zekrom GXRobertPokemon,Pikachu Zekrom GX,1000,Robert,PikachuZekromGXRobert,4,Pokemon
Charizard GXRobertPokemon,Charizard GX,1000,Robert,CharizardGXRobert,4,Pokemon
Raichu GXRobertPokemon,Raichu GX,1000,Robert,RaichuGXRobert,4,Pokemon
Mewtwo GXRobertPokemon,Mewtwo GX,1000,Robert,MewtwoGXRobert,4,Pokemon
Lurantis GXRobertPokemon,Lurantis GX,1000,Robert,LurantisGXRobert,4,Pokemon
TurtlesTallyPokemon,Turtles,1000,Tally,TurtlesTally,4,Pokemon
EmpoleonTallyPokemon,Empoleon,1000,Tally,EmpoleonTally,4,Pokemon
SeahorseTallyPokemon,Seahorse,1000,Tally,SeahorseTally,4,Pokemon
Legendary PokemonRobertCommander,Legendary Pokemon,1000,Robert,LegendaryPokemonRobert,4,Commander
SteelixOlliePokemon,Steelix,1000,Ollie,SteelixOllie,4,Pokemon
Realm of LightRobertYu-Gi-Oh,Realm of Light,1000,Robert,RealmofLightRobert,4,Yu-Gi-Oh
SliferRobertYu-Gi-Oh Team,Slifer,1000,Robert,SliferRobert,4,Yu-Gi-Oh Team
Crystal BeastRobertYu-Gi-Oh Team,Crystal Beast,1000,Robert,CrystalBeastRobert,4,Yu-Gi-Oh Team
DinosaursRobertYu-Gi-Oh Team,Dinosaurs,1000,Robert,DinosaursRobert,4,Yu-Gi-Oh Team
Dark WorldMatYu-Gi-Oh Team,Dark World,1000,Mat,DarkWorldMat,4,Yu-Gi-Oh Team
Dark MagicianMatYu-Gi-Oh Team,Dark Magician,1000,Mat,DarkMagicianMat,4,Yu-Gi-Oh Team
SliferOllieYu-Gi-Oh Team,Slifer,1000,Ollie,SliferOllie,4,Yu-Gi-Oh Team
Blue EyesOllieYu-Gi-Oh Team,Blue Eyes,1000,Ollie,BlueEyesOllie,4,Yu-Gi-Oh Team
Red EyesAlexYu-Gi-Oh Team,Red Eyes,1000,Alex,RedEyesAlex,4,Yu-Gi-Oh Team
ExodiaOllieYu-Gi-Oh Team,Exodia,1000,Ollie,ExodiaOllie,4,Yu-Gi-Oh Team
Cyber DragonOllieYu-Gi-Oh Team,Cyber Dragon,1000,Ollie,CyberDragonOllie,4,Yu-Gi-Oh Team
Cyber DragonAlexYu-Gi-Oh Team,Cyber Dragon,1000,Alex,CyberDragonAlex,4,Yu-Gi-Oh Team
Noble KnightsAlexYu-Gi-Oh Team,Noble Knights,1000,Alex,NobleKnightsAlex,4,Yu-Gi-Oh Team
Cyber DragonRobertYu-Gi-Oh Team,Cyber Dragon,1000,Robert,CyberDragonRobert,4,Yu-Gi-Oh Team
Odd EyesOllieYu-Gi-Oh Team,Odd Eyes,1000,Ollie,OddEyesOllie,4,Yu-Gi-Oh Team
Odd EyesRobertYu-Gi-Oh Team,Odd Eyes,1000,Robert,OddEyesRobert,4,Yu-Gi-Oh Team
Dark Magician DragonRobertYu-Gi-Oh Team,Dark Magician Dragon,1000,Robert,DarkMagicianDragonRobert,4,Yu-Gi-Oh Team
Dark Magician DragonOllieYu-Gi-Oh Team,Dark Magician Dragon,1000,Ollie,DarkMagicianDragonOllie,4,Yu-Gi-Oh Team
Realm of LightRobertYu-Gi-Oh Team,Realm of Light,1000,Robert,RealmofLightRobert,4,Yu-Gi-Oh Team
SliferRobertYu-Gi-Oh FFA,Slifer,1000,Robert,SliferRobert,4,Yu-Gi-Oh FFA
Crystal BeastRobertYu-Gi-Oh FFA,Crystal Beast,1000,Robert,CrystalBeastRobert,4,Yu-Gi-Oh FFA
DinosaursRobertYu-Gi-Oh FFA,Dinosaurs,1000,Robert,DinosaursRobert,4,Yu-Gi-Oh FFA
Dark WorldMatYu-Gi-Oh FFA,Dark World,1000,Mat,DarkWorldMat,4,Yu-Gi-Oh FFA
Dark MagicianMatYu-Gi-Oh FFA,Dark Magician,1000,Mat,DarkMagicianMat,4,Yu-Gi-Oh FFA
SliferOllieYu-Gi-Oh FFA,Slifer,1000,Ollie,SliferOllie,4,Yu-Gi-Oh FFA
Blue EyesOllieYu-Gi-Oh FFA,Blue Eyes,1000,Ollie,BlueEyesOllie,4,Yu-Gi-Oh FFA
Red EyesAlexYu-Gi-Oh FFA,Red Eyes,1000,Alex,RedEyesAlex,4,Yu-Gi-Oh FFA
ExodiaOllieYu-Gi-Oh FFA,Exodia,1000,Ollie,ExodiaOllie,4,Yu-Gi-Oh FFA
Cyber DragonOllieYu-Gi-Oh FFA,Cyber Dragon,1000,Ollie,CyberDragonOllie,4,Yu-Gi-Oh FFA
Cyber DragonAlexYu-Gi-Oh FFA,Cyber Dragon,1000,Alex,CyberDragonAlex,4,Yu-Gi-Oh FFA
Noble KnightsAlexYu-Gi-Oh FFA,Noble Knights,1000,Alex,NobleKnightsAlex,4,Yu-Gi-Oh FFA
Cyber DragonRobertYu-Gi-Oh FFA,Cyber Dragon,1000,Robert,CyberDragonRobert,4,Yu-Gi-Oh FFA
Odd EyesOllieYu-Gi-Oh FFA,Odd Eyes,1000,Ollie,OddEyesOllie,4,Yu-Gi-Oh FFA
Odd EyesRobertYu-Gi-Oh FFA,Odd Eyes,1000,Robert,OddEyesRobert,4,Yu-Gi-Oh FFA
Dark Magician DragonRobertYu-Gi-Oh FFA,Dark Magician Dragon,1000,Robert,DarkMagicianDragonRobert,4,Yu-Gi-Oh FFA
Dark Magician DragonOllieYu-Gi-Oh FFA,Dark Magician Dragon,1000,Ollie,DarkMagicianDragonOllie,4,Yu-Gi-Oh FFA
Realm of LightRobertYu-Gi-Oh FFA,Realm of Light,1000,Robert,RealmofLightRobert,4,Yu-Gi-Oh FFA
SliferRobertYu-Gi-Oh Tag Team,Slifer,1000,Robert,SliferRobert,4,Yu-Gi-Oh Tag Team
Crystal BeastRobertYu-Gi-Oh Tag Team,Crystal Beast,1000,Robert,CrystalBeastRobert,4,Yu-Gi-Oh Tag Team
DinosaursRobertYu-Gi-Oh Tag Team,Dinosaurs,1000,Robert,DinosaursRobert,4,Yu-Gi-Oh Tag Team
Dark WorldMatYu-Gi-Oh Tag Team,Dark World,1000,Mat,DarkWorldMat,4,Yu-Gi-Oh Tag Team
Dark MagicianMatYu-Gi-Oh Tag Team,Dark Magician,1000,Mat,DarkMagicianMat,4,Yu-Gi-Oh Tag Team
SliferOllieYu-Gi-Oh Tag Team,Slifer,1000,Ollie,SliferOllie,4,Yu-Gi-Oh Tag Team
Blue EyesOllieYu-Gi-Oh Tag Team,Blue Eyes,1000,Ollie,BlueEyesOllie,4,Yu-Gi-Oh Tag Team
Red EyesAlexYu-Gi-Oh Tag Team,Red Eyes,1000,Alex,RedEyesAlex,4,Yu-Gi-Oh Tag Team
ExodiaOllieYu-Gi-Oh Tag Team,Exodia,1000,Ollie,ExodiaOllie,4,Yu-Gi-Oh Tag Team
Cyber DragonOllieYu-Gi-Oh Tag Team,Cyber Dragon,1000,Ollie,CyberDragonOllie,4,Yu-Gi-Oh Tag Team
Cyber DragonAlexYu-Gi-Oh Tag Team,Cyber Dragon,1000,Alex,CyberDragonAlex,4,Yu-Gi-Oh Tag Team
Noble KnightsAlexYu-Gi-Oh Tag Team,Noble Knights,1000,Alex,NobleKnightsAlex,4,Yu-Gi-Oh Tag Team
Cyber DragonRobertYu-Gi-Oh Tag Team,Cyber Dragon,1000,Robert,CyberDragonRobert,4,Yu-Gi-Oh Tag Team
Odd EyesOllieYu-Gi-Oh Tag Team,Odd Eyes,1000,Ollie,OddEyesOllie,4,Yu-Gi-Oh Tag Team
Odd EyesRobertYu-Gi-Oh Tag Team,Odd Eyes,1000,Robert,OddEyesRobert,4,Yu-Gi-Oh Tag Team
Dark Magician DragonRobertYu-Gi-Oh Tag Team,Dark Magician Dragon,1000,Robert,DarkMagicianDragonRobert,4,Yu-Gi-Oh Tag Team
Dark Magician DragonOllieYu-Gi-Oh Tag Team,Dark Magician Dragon,1000,Ollie,DarkMagicianDragonOllie,4,Yu-Gi-Oh Tag Team
Realm of LightRobertYu-Gi-Oh Tag Team,Realm of Light,1000,Robert,RealmofLightRobert,4,Yu-Gi-Oh Tag Team
Blue EyesAlexYu-Gi-Oh Team,Blue Eyes,1000,Alex,BlueEyesAlex,4,Yu-Gi-Oh Team
Blue EyesAlexYu-Gi-Oh FFA,Blue Eyes,1000,Alex,BlueEyesAlex,4,Yu-Gi-Oh FFA
Blue EyesAlexYu-Gi-Oh Tag Team,Blue Eyes,1000,Alex,BlueEyesAlex,4,Yu-Gi-Oh Tag Team
Classic Mewtwo StallRobertPokemon,Classic Mewtwo Stall,1000,Robert,ClassicMewtwoStallRobert,4,Pokemon
Festival LeadRobertPokemon FFA,Festival Lead,1000,Robert,FestivalLeadRobert,4,Pokemon FFA
Ancient BoxRobertPokemon FFA,Ancient Box,1000,Robert,AncientBoxRobert,4,Pokemon FFA
United WingsRobertPokemon FFA,United Wings,1000,Robert,UnitedWingsRobert,4,Pokemon FFA
Pikachu and FriendsRobertPokemon FFA,Pikachu and Friends,1000,Robert,PikachuandFriendsRobert,4,Pokemon FFA
Sleeping SlakingRobertPokemon FFA,Sleeping Slaking,1000,Robert,SleepingSlakingRobert,4,Pokemon FFA
Gone FishinRobertPokemon FFA,Gone Fishin,1000,Robert,GoneFishinRobert,4,Pokemon FFA
Toxic GlimmoraRobertPokemon FFA,Toxic Glimmora,1000,Robert,ToxicGlimmoraRobert,4,Pokemon FFA
Giritina Lost BoxRobertPokemon FFA,Giritina Lost Box,1000,Robert,GiritinaLostBoxRobert,4,Pokemon FFA
Wugtrio MillRobertPokemon FFA,Wugtrio Mill,1000,Robert,WugtrioMillRobert,4,Pokemon FFA
JumpluffRobertPokemon FFA,Jumpluff,1000,Robert,JumpluffRobert,4,Pokemon FFA
Rapid Strike UrshifuRobertPokemon FFA,Rapid Strike Urshifu,1000,Robert,RapidStrikeUrshifuRobert,4,Pokemon FFA
Wailord TankRobertPokemon FFA,Wailord Tank,1000,Robert,WailordTankRobert,4,Pokemon FFA
LunarockRobertPokemon FFA,Lunarock,1000,Robert,LunarockRobert,4,Pokemon FFA
Chien-po exRobertPokemon FFA,Chien-po ex,1000,Robert,Chien-poexRobert,4,Pokemon FFA
Psychic EleganceTallyPokemon FFA,Psychic Elegance,1000,Tally,PsychicEleganceTally,4,Pokemon FFA
Giritina VTallyPokemon FFA,Giritina V,1000,Tally,GiritinaVTally,4,Pokemon FFA
Stonjourer TankRobertPokemon FFA,Stonjourer Tank,1000,Robert,StonjourerTankRobert,4,Pokemon FFA
Mewtwo exRobertPokemon FFA,Mewtwo ex,1000,Robert,MewtwoexRobert,4,Pokemon FFA
Exeggutor VRobertPokemon FFA,Exeggutor V,1000,Robert,ExeggutorVRobert,4,Pokemon FFA
GroudonRobertPokemon FFA,Groudon,1000,Robert,GroudonRobert,4,Pokemon FFA
LunalaRobertPokemon FFA,Lunala,1000,Robert,LunalaRobert,4,Pokemon FFA
HoopaRobertPokemon FFA,Hoopa,1000,Robert,HoopaRobert,4,Pokemon FFA
SirfetchdRobertPokemon FFA,Sirfetchd,1000,Robert,SirfetchdRobert,4,Pokemon FFA
ChewtleRobertPokemon FFA,Chewtle,1000,Robert,ChewtleRobert,4,Pokemon FFA
Noivern VRobertPokemon FFA,Noivern V,1000,Robert,NoivernVRobert,4,Pokemon FFA
Corviknight VRobertPokemon FFA,Corviknight V,1000,Robert,CorviknightVRobert,4,Pokemon FFA
Melmetal VRobertPokemon FFA,Melmetal V,1000,Robert,MelmetalVRobert,4,Pokemon FFA
Victini VRobertPokemon FFA,Victini V,1000,Robert,VictiniVRobert,4,Pokemon FFA
Pikachu Zekrom GXRobertPokemon FFA,Pikachu Zekrom GX,1000,Robert,PikachuZekromGXRobert,4,Pokemon FFA
Charizard GXRobertPokemon FFA,Charizard GX,1000,Robert,CharizardGXRobert,4,Pokemon FFA
Raichu GXRobertPokemon FFA,Raichu GX,1000,Robert,RaichuGXRobert,4,Pokemon FFA
Mewtwo GXRobertPokemon FFA,Mewtwo GX,1000,Robert,MewtwoGXRobert,4,Pokemon FFA
Lurantis GXRobertPokemon FFA,Lurantis GX,1000,Robert,LurantisGXRobert,4,Pokemon FFA
TurtlesTallyPokemon FFA,Turtles,1000,Tally,TurtlesTally,4,Pokemon FFA
EmpoleonTallyPokemon FFA,Empoleon,1000,Tally,EmpoleonTally,4,Pokemon FFA
SeahorseTallyPokemon FFA,Seahorse,1000,Tally,SeahorseTally,4,Pokemon FFA
Classic Mewtwo StallRobertPokemon FFA,Classic Mewtwo Stall,1000,Robert,ClassicMewtwoStallRobert,4,Pokemon FFA
SteelixOlliePokemon FFA,Steelix,1000,Ollie,SteelixOllie,4,Pokemon FFA
Festival LeadRobertPokemon Team,Festival Lead,1000,Robert,FestivalLeadRobert,4,Pokemon Team
Ancient BoxRobertPokemon Team,Ancient Box,1000,Robert,AncientBoxRobert,4,Pokemon Team
United WingsRobertPokemon Team,United Wings,1000,Robert,UnitedWingsRobert,4,Pokemon Team
Pikachu and FriendsRobertPokemon Team,Pikachu and Friends,1000,Robert,PikachuandFriendsRobert,4,Pokemon Team
Sleeping SlakingRobertPokemon Team,Sleeping Slaking,1000,Robert,SleepingSlakingRobert,4,Pokemon Team
Gone FishinRobertPokemon Team,Gone Fishin,1000,Robert,GoneFishinRobert,4,Pokemon Team
Toxic GlimmoraRobertPokemon Team,Toxic Glimmora,1000,Robert,ToxicGlimmoraRobert,4,Pokemon Team
Giritina Lost BoxRobertPokemon Team,Giritina Lost Box,1000,Robert,GiritinaLostBoxRobert,4,Pokemon Team
Wugtrio MillRobertPokemon Team,Wugtrio Mill,1000,Robert,WugtrioMillRobert,4,Pokemon Team
JumpluffRobertPokemon Team,Jumpluff,1000,Robert,JumpluffRobert,4,Pokemon Team
Rapid Strike UrshifuRobertPokemon Team,Rapid Strike Urshifu,1000,Robert,RapidStrikeUrshifuRobert,4,Pokemon Team
Wailord TankRobertPokemon Team,Wailord Tank,1000,Robert,WailordTankRobert,4,Pokemon Team
LunarockRobertPokemon Team,Lunarock,1000,Robert,LunarockRobert,4,Pokemon Team
Chien-po exRobertPokemon Team,Chien-po ex,1000,Robert,Chien-poexRobert,4,Pokemon Team
Psychic EleganceTallyPokemon Team,Psychic Elegance,1000,Tally,PsychicEleganceTally,4,Pokemon Team
Giritina VTallyPokemon Team,Giritina V,1000,Tally,GiritinaVTally,4,Pokemon Team
Stonjourer TankRobertPokemon Team,Stonjourer Tank,1000,Robert,StonjourerTankRobert,4,Pokemon Team
Mewtwo exRobertPokemon Team,Mewtwo ex,1000,Robert,MewtwoexRobert,4,Pokemon Team
Exeggutor VRobertPokemon Team,Exeggutor V,1000,Robert,ExeggutorVRobert,4,Pokemon Team
GroudonRobertPokemon Team,Groudon,1000,Robert,GroudonRobert,4,Pokemon Team
LunalaRobertPokemon Team,Lunala,1000,Robert,LunalaRobert,4,Pokemon Team
HoopaRobertPokemon Team,Hoopa,1000,Robert,HoopaRobert,4,Pokemon Team
SirfetchdRobertPokemon Team,Sirfetchd,1000,Robert,SirfetchdRobert,4,Pokemon Team
ChewtleRobertPokemon Team,Chewtle,1000,Robert,ChewtleRobert,4,Pokemon Team
Noivern VRobertPokemon Team,Noivern V,1000,Robert,NoivernVRobert,4,Pokemon Team
Corviknight VRobertPokemon Team,Corviknight V,1000,Robert,CorviknightVRobert,4,Pokemon Team
Melmetal VRobertPokemon Team,Melmetal V,1000,Robert,MelmetalVRobert,4,Pokemon Team
Victini VRobertPokemon Team,Victini V,1000,Robert,VictiniVRobert,4,Pokemon Team
Pikachu Zekrom GXRobertPokemon Team,Pikachu Zekrom GX,1000,Robert,PikachuZekromGXRobert,4,Pokemon Team
Charizard GXRobertPokemon Team,Charizard GX,1000,Robert,CharizardGXRobert,4,Pokemon Team
Raichu GXRobertPokemon Team,Raichu GX,1000,Robert,RaichuGXRobert,4,Pokemon Team
Mewtwo GXRobertPokemon Team,Mewtwo GX,1000,Robert,MewtwoGXRobert,4,Pokemon Team
Lurantis GXRobertPokemon Team,Lurantis GX,1000,Robert,LurantisGXRobert,4,Pokemon Team
TurtlesTallyPokemon Team,Turtles,1000,Tally,TurtlesTally,4,Pokemon Team
EmpoleonTallyPokemon Team,Empoleon,1000,Tally,EmpoleonTally,4,Pokemon Team
SeahorseTallyPokemon Team,Seahorse,1000,Tally,SeahorseTally,4,Pokemon Team
Classic Mewtwo StallRobertPokemon Team,Classic Mewtwo Stall,1000,Robert,ClassicMewtwoStallRobert,4,Pokemon Team
SteelixOlliePokemon Team,Steelix,1000,Ollie,SteelixOllie,4,Pokemon Team
Blue EyesVictoriaYu-Gi-Oh,Blue Eyes,1000,Victoria,BlueEyesVictoria,4,Yu-Gi-Oh
Blue EyesVictoriaYu-Gi-Oh FFA,Blue Eyes,1000,Victoria,BlueEyesVictoria,4,Yu-Gi-Oh FFA
Blue EyesVictoriaYu-Gi-Oh Team,Blue Eyes,1000,Victoria,BlueEyesVictoria,4,Yu-Gi-Oh Team
Blue EyesVictoriaYu-Gi-Oh Tag Team,Blue Eyes,1000,Victoria,BlueEyesVictoria,4,Yu-Gi-Oh Tag Team
Horus powered RaAlexYu-Gi-Oh,Horus powered Ra,1000,Alex,HoruspoweredRaAlex,4,Yu-Gi-Oh
Horus powered RaAlexYu-Gi-Oh FFA,Horus powered Ra,1000,Alex,HoruspoweredRaAlex,4,Yu-Gi-Oh FFA
Horus powered RaAlexYu-Gi-Oh Team,Horus powered Ra,1000,Alex,HoruspoweredRaAlex,4,Yu-Gi-Oh Team
Horus powered RaAlexYu-Gi-Oh Tag Team,Horus powered Ra,1000,Alex,HoruspoweredRaAlex,4,Yu-Gi-Oh Tag Team
DinosaursRobertYu-Gi-Oh,Dinosaurs,1015,Robert,DinosaursRobert,4,Yu-Gi-Oh
SliferOllieYu-Gi-Oh,Slifer,985,Ollie,SliferOllie,5,Yu-Gi-Oh
DinosaursRobertYu-Gi-Oh,Dinosaurs,1029,Robert,DinosaursRobert,4,Yu-Gi-Oh
Dark WorldMatYu-Gi-Oh,Dark World,985,Mat,DarkWorldMat,5,Yu-Gi-Oh
Dark WorldMatYu-Gi-Oh,Dark World,1000,Mat,DarkWorldMat,4,Yu-Gi-Oh
SliferOllieYu-Gi-Oh,Slifer,970,Ollie,SliferOllie,5,Yu-Gi-Oh
SliferRobertYu-Gi-Oh,Slifer,1015,Robert,SliferRobert,4,Yu-Gi-Oh
Blue EyesOllieYu-Gi-Oh,Blue Eyes,985,Ollie,BlueEyesOllie,5,Yu-Gi-Oh
Blue EyesOllieYu-Gi-Oh,Blue Eyes,1000,Ollie,BlueEyesOllie,4,Yu-Gi-Oh
Dark WorldMatYu-Gi-Oh,Dark World,984,Mat,DarkWorldMat,5,Yu-Gi-Oh
Crystal BeastRobertYu-Gi-Oh,Crystal Beast,1014,Robert,CrystalBeastRobert,4,Yu-Gi-Oh
Dark WorldMatYu-Gi-Oh,Dark World,969,Mat,DarkWorldMat,5,Yu-Gi-Oh
Crystal BeastRobertYu-Gi-Oh,Crystal Beast,1027,Robert,CrystalBeastRobert,4,Yu-Gi-Oh
Dark WorldMatYu-Gi-Oh,Dark World,955,Mat,DarkWorldMat,5,Yu-Gi-Oh
Dark Magician DragonRobertYu-Gi-Oh,Dark Magician Dragon,1015,Robert,DarkMagicianDragonRobert,4,Yu-Gi-Oh
Cyber DragonRobertYu-Gi-Oh,Cyber Dragon,985,Robert,CyberDragonRobert,5,Yu-Gi-Oh
Dark Magician DragonRobertYu-Gi-Oh,Dark Magician Dragon,1028,Robert,DarkMagicianDragonRobert,4,Yu-Gi-Oh
Cyber DragonRobertYu-Gi-Oh,Cyber Dragon,971,Robert,CyberDragonRobert,5,Yu-Gi-Oh
Cyber DragonRobertYu-Gi-Oh,Cyber Dragon,988,Robert,CyberDragonRobert,5,Yu-Gi-Oh
Dark Magician DragonRobertYu-Gi-Oh,Dark Magician Dragon,1010,Robert,DarkMagicianDragonRobert,4,Yu-Gi-Oh
Cyber DragonRobertYu-Gi-Oh,Cyber Dragon,1003,Robert,CyberDragonRobert,4,Yu-Gi-Oh
Dark Magician DragonRobertYu-Gi-Oh,Dark Magician Dragon,994,Robert,DarkMagicianDragonRobert,5,Yu-Gi-Oh
Realm of LightRobertYu-Gi-Oh,Realm of Light,1014,Robert,RealmofLightRobert,4,Yu-Gi-Oh
Dark Magician DragonRobertYu-Gi-Oh,Dark Magician Dragon,979,Robert,DarkMagicianDragonRobert,5,Yu-Gi-Oh
Dark Magician DragonRobertYu-Gi-Oh,Dark Magician Dragon,995,Robert,DarkMagicianDragonRobert,5,Yu-Gi-Oh
Realm of LightRobertYu-Gi-Oh,Realm of Light,997,Robert,RealmofLightRobert,5,Yu-Gi-Oh
Dark Magician DragonRobertYu-Gi-Oh,Dark Magician Dragon,1010,Robert,DarkMagicianDragonRobert,4,Yu-Gi-Oh
Realm of LightRobertYu-Gi-Oh,Realm of Light,981,Robert,RealmofLightRobert,5,Yu-Gi-Oh
Crystal BeastRobertYu-Gi-Oh,Crystal Beast,1042,Robert,CrystalBeastRobert,4,Yu-Gi-Oh
DinosaursRobertYu-Gi-Oh,Dinosaurs,1013,Robert,DinosaursRobert,4,Yu-Gi-Oh
Crystal BeastRobertYu-Gi-Oh,Crystal Beast,1055,Robert,CrystalBeastRobert,4,Yu-Gi-Oh
DinosaursRobertYu-Gi-Oh,Dinosaurs,999,Robert,DinosaursRobert,5,Yu-Gi-Oh
Crystal BeastRobertYu-Gi-Oh,Crystal Beast,1067,Robert,CrystalBeastRobert,4,Yu-Gi-Oh
DinosaursRobertYu-Gi-Oh,Dinosaurs,986,Robert,DinosaursRobert,5,Yu-Gi-Oh
SliferRobertYu-Gi-Oh,Slifer,1028,Robert,SliferRobert,4,Yu-Gi-Oh
DinosaursRobertYu-Gi-Oh,Dinosaurs,972,Robert,DinosaursRobert,5,Yu-Gi-Oh
SliferRobertYu-Gi-Oh,Slifer,1040,Robert,SliferRobert,4,Yu-Gi-Oh
DinosaursRobertYu-Gi-Oh,Dinosaurs,959,Robert,DinosaursRobert,5,Yu-Gi-Oh
DinosaursRobertYu-Gi-Oh,Dinosaurs,977,Robert,DinosaursRobert,5,Yu-Gi-Oh
SliferRobertYu-Gi-Oh,Slifer,1021,Robert,SliferRobert,4,Yu-Gi-Oh
Blue EyesOllieYu-Gi-Oh Tag Team,Blue Eyes,1015,Ollie,BlueEyesOllie,4,Yu-Gi-Oh Tag Team
Blue EyesAlexYu-Gi-Oh Tag Team,Blue Eyes,1015,Alex,BlueEyesAlex,4,Yu-Gi-Oh Tag Team
Dark Magician DragonRobertYu-Gi-Oh Tag Team,Dark Magician Dragon,985,Robert,DarkMagicianDragonRobert,5,Yu-Gi-Oh Tag Team
Dark MagicianMatYu-Gi-Oh Tag Team,Dark Magician,985,Mat,DarkMagicianMat,5,Yu-Gi-Oh Tag Team
Odd EyesOllieYu-Gi-Oh Team,Odd Eyes,1015,Ollie,OddEyesOllie,4,Yu-Gi-Oh Team
Cyber DragonAlexYu-Gi-Oh Team,Cyber Dragon,1015,Alex,CyberDragonAlex,4,Yu-Gi-Oh Team
Realm of LightRobertYu-Gi-Oh Team,Realm of Light,985,Robert,RealmofLightRobert,5,Yu-Gi-Oh Team
Dark WorldMatYu-Gi-Oh Team,Dark World,985,Mat,DarkWorldMat,5,Yu-Gi-Oh Team
Noble KnightsAlexYu-Gi-Oh Team,Noble Knights,1014,Alex,NobleKnightsAlex,4,Yu-Gi-Oh Team
Odd EyesOllieYu-Gi-Oh Team,Odd Eyes,1029,Ollie,OddEyesOllie,4,Yu-Gi-Oh Team
Dark Magician DragonRobertYu-Gi-Oh Team,Dark Magician Dragon,985,Robert,DarkMagicianDragonRobert,5,Yu-Gi-Oh Team
Dark MagicianMatYu-Gi-Oh Team,Dark Magician,985,Mat,DarkMagicianMat,5,Yu-Gi-Oh Team
Dark WorldMatYu-Gi-Oh FFA,Dark World,1015,Mat,DarkWorldMat,4,Yu-Gi-Oh FFA
SliferOllieYu-Gi-Oh FFA,Slifer,985,Ollie,SliferOllie,5,Yu-Gi-Oh FFA
DinosaursRobertYu-Gi-Oh FFA,Dinosaurs,985,Robert,DinosaursRobert,5,Yu-Gi-Oh FFA
SliferOllieYu-Gi-Oh FFA,Slifer,1000,Ollie,SliferOllie,4,Yu-Gi-Oh FFA
SliferRobertYu-Gi-Oh FFA,Slifer,984,Robert,SliferRobert,5,Yu-Gi-Oh FFA
Dark WorldMatYu-Gi-Oh FFA,Dark World,999,Mat,DarkWorldMat,5,Yu-Gi-Oh FFA
Cyber DragonRobertYu-Gi-Oh,Cyber Dragon,1017,Robert,CyberDragonRobert,4,Yu-Gi-Oh
Odd EyesRobertYu-Gi-Oh,Odd Eyes,985,Robert,OddEyesRobert,5,Yu-Gi-Oh
Crystal BeastRobertYu-Gi-Oh,Crystal Beast,1079,Robert,CrystalBeastRobert,4,Yu-Gi-Oh
Cyber DragonRobertYu-Gi-Oh,Cyber Dragon,1004,Robert,CyberDragonRobert,4,Yu-Gi-Oh
Crystal BeastRobertYu-Gi-Oh,Crystal Beast,1089,Robert,CrystalBeastRobert,4,Yu-Gi-Oh
Realm of LightRobertYu-Gi-Oh,Realm of Light,970,Robert,RealmofLightRobert,5,Yu-Gi-Oh
Realm of LightRobertYu-Gi-Oh,Realm of Light,985,Robert,RealmofLightRobert,5,Yu-Gi-Oh
DinosaursRobertYu-Gi-Oh,Dinosaurs,961,Robert,DinosaursRobert,5,Yu-Gi-Oh
Realm of LightRobertYu-Gi-Oh,Realm of Light,998,Robert,RealmofLightRobert,5,Yu-Gi-Oh
DinosaursRobertYu-Gi-Oh,Dinosaurs,947,Robert,DinosaursRobert,5,Yu-Gi-Oh
SliferRobertYu-Gi-Oh,Slifer,1035,Robert,SliferRobert,4,Yu-Gi-Oh
Realm of LightRobertYu-Gi-Oh,Realm of Light,983,Robert,RealmofLightRobert,5,Yu-Gi-Oh
SliferRobertYu-Gi-Oh,Slifer,1047,Robert,SliferRobert,4,Yu-Gi-Oh
Realm of LightRobertYu-Gi-Oh,Realm of Light,970,Robert,RealmofLightRobert,5,Yu-Gi-Oh
SliferRobertYu-Gi-Oh,Slifer,1058,Robert,SliferRobert,4,Yu-Gi-Oh
Realm of LightRobertYu-Gi-Oh,Realm of Light,958,Robert,RealmofLightRobert,5,Yu-Gi-Oh
SliferRobertYu-Gi-Oh,Slifer,1068,Robert,SliferRobert,4,Yu-Gi-Oh
Realm of LightRobertYu-Gi-Oh,Realm of Light,947,Robert,RealmofLightRobert,5,Yu-Gi-Oh
Odd EyesOllieYu-Gi-Oh,Odd Eyes,1012,Ollie,OddEyesOllie,4,Yu-Gi-Oh
Realm of LightRobertYu-Gi-Oh,Realm of Light,934,Robert,RealmofLightRobert,5,Yu-Gi-Oh
Realm of LightRobertYu-Gi-Oh,Realm of Light,952,Robert,RealmofLightRobert,5,Yu-Gi-Oh
Odd EyesOllieYu-Gi-Oh,Odd Eyes,993,Ollie,OddEyesOllie,5,Yu-Gi-Oh
Cyber DragonRobertYu-Gi-Oh,Cyber Dragon,1017,Robert,CyberDragonRobert,4,Yu-Gi-Oh
SliferOllieYu-Gi-Oh,Slifer,956,Ollie,SliferOllie,5,Yu-Gi-Oh
Cyber DragonRobertYu-Gi-Oh,Cyber Dragon,1029,Robert,CyberDragonRobert,4,Yu-Gi-Oh
SliferOllieYu-Gi-Oh,Slifer,943,Ollie,SliferOllie,5,Yu-Gi-Oh
SliferOllieYu-Gi-Oh,Slifer,961,Ollie,SliferOllie,5,Yu-Gi-Oh
Cyber DragonRobertYu-Gi-Oh,Cyber Dragon,1010,Robert,CyberDragonRobert,4,Yu-Gi-Oh
Blue EyesVictoriaYu-Gi-Oh,Blue Eyes,1014,Victoria,BlueEyesVictoria,4,Yu-Gi-Oh
Odd EyesOllieYu-Gi-Oh,Odd Eyes,978,Ollie,OddEyesOllie,5,Yu-Gi-Oh
Odd EyesOllieYu-Gi-Oh,Odd Eyes,994,Ollie,OddEyesOllie,5,Yu-Gi-Oh
Blue EyesVictoriaYu-Gi-Oh,Blue Eyes,997,Victoria,BlueEyesVictoria,5,Yu-Gi-Oh
Blue EyesVictoriaYu-Gi-Oh,Blue Eyes,1011,Victoria,BlueEyesVictoria,4,Yu-Gi-Oh
Odd EyesOllieYu-Gi-Oh,Odd Eyes,979,Ollie,OddEyesOllie,5,Yu-Gi-Oh
Crystal BeastRobertYu-Gi-Oh,Crystal Beast,1099,Robert,CrystalBeastRobert,4,Yu-Gi-Oh
Odd EyesOllieYu-Gi-Oh,Odd Eyes,968,Ollie,OddEyesOllie,5,Yu-Gi-Oh
Crystal BeastRobertYu-Gi-Oh,Crystal Beast,1109,Robert,CrystalBeastRobert,4,Yu-Gi-Oh
Noble KnightsAlexYu-Gi-Oh,Noble Knights,989,Alex,NobleKnightsAlex,5,Yu-Gi-Oh
Odd EyesOllieYu-Gi-Oh,Odd Eyes,984,Ollie,OddEyesOllie,5,Yu-Gi-Oh
Dark MagicianMatYu-Gi-Oh,Dark Magician,983,Mat,DarkMagicianMat,5,Yu-Gi-Oh
DinosaursRobertYu-Gi-Oh,Dinosaurs,963,Robert,DinosaursRobert,5,Yu-Gi-Oh
Dark MagicianMatYu-Gi-Oh,Dark Magician,966,Mat,DarkMagicianMat,5,Yu-Gi-Oh
Dark MagicianMatYu-Gi-Oh,Dark Magician,980,Mat,DarkMagicianMat,5,Yu-Gi-Oh
DinosaursRobertYu-Gi-Oh,Dinosaurs,948,Robert,DinosaursRobert,5,Yu-Gi-Oh
Dark MagicianMatYu-Gi-Oh FFA,Dark Magician,1014,Mat,DarkMagicianMat,4,Yu-Gi-Oh FFA
DinosaursRobertYu-Gi-Oh FFA,Dinosaurs,970,Robert,DinosaursRobert,5,Yu-Gi-Oh FFA
Odd EyesOllieYu-Gi-Oh FFA,Odd Eyes,985,Ollie,OddEyesOllie,5,Yu-Gi-Oh FFA
Noble KnightsAlexYu-Gi-Oh FFA,Noble Knights,985,Alex,NobleKnightsAlex,5,Yu-Gi-Oh FFA
Horus powered RaAlexYu-Gi-Oh Tag Team,Horus powered Ra,1015,Alex,HoruspoweredRaAlex,4,Yu-Gi-Oh Tag Team
Dark WorldMatYu-Gi-Oh Tag Team,Dark World,1015,Mat,DarkWorldMat,4,Yu-Gi-Oh Tag Team
SliferOllieYu-Gi-Oh Tag Team,Slifer,985,Ollie,SliferOllie,5,Yu-Gi-Oh Tag Team
SliferRobertYu-Gi-Oh Tag Team,Slifer,985,Robert,SliferRobert,5,Yu-Gi-Oh Tag Team
DinosaursRobertYu-Gi-Oh,Dinosaurs,967,Robert,DinosaursRobert,5,Yu-Gi-Oh
SliferRobertYu-Gi-Oh,Slifer,1048,Robert,SliferRobert,4,Yu-Gi-Oh
Odd EyesOllieYu-Gi-Oh,Odd Eyes,1000,Ollie,OddEyesOllie,4,Yu-Gi-Oh
Blue EyesVictoriaYu-Gi-Oh,Blue Eyes,994,Victoria,BlueEyesVictoria,5,Yu-Gi-Oh
Blue EyesVictoriaYu-Gi-Oh,Blue Eyes,1009,Victoria,BlueEyesVictoria,4,Yu-Gi-Oh
Odd EyesOllieYu-Gi-Oh,Odd Eyes,984,Ollie,OddEyesOllie,5,Yu-Gi-Oh
SliferOllieYu-Gi-Oh,Slifer,978,Ollie,SliferOllie,5,Yu-Gi-Oh
Blue EyesVictoriaYu-Gi-Oh,Blue Eyes,991,Victoria,BlueEyesVictoria,5,Yu-Gi-Oh
DinosaursRobertYu-Gi-Oh,Dinosaurs,985,Robert,DinosaursRobert,5,Yu-Gi-Oh
SliferRobertYu-Gi-Oh,Slifer,1029,Robert,SliferRobert,4,Yu-Gi-Oh
SliferRobertYu-Gi-Oh,Slifer,1042,Robert,SliferRobert,4,Yu-Gi-Oh
DinosaursRobertYu-Gi-Oh,Dinosaurs,971,Robert,DinosaursRobert,5,Yu-Gi-Oh
DinosaursRobertYu-Gi-Oh,Dinosaurs,989,Robert,DinosaursRobert,5,Yu-Gi-Oh
SliferRobertYu-Gi-Oh,Slifer,1023,Robert,SliferRobert,4,Yu-Gi-Oh
DinosaursRobertYu-Gi-Oh,Dinosaurs,1002,Robert,DinosaursRobert,4,Yu-Gi-Oh
Realm of LightRobertYu-Gi-Oh,Realm of Light,938,Robert,RealmofLightRobert,5,Yu-Gi-Oh
DinosaursRobertYu-Gi-Oh,Dinosaurs,1014,Robert,DinosaursRobert,4,Yu-Gi-Oh
Realm of LightRobertYu-Gi-Oh,Realm of Light,925,Robert,RealmofLightRobert,5,Yu-Gi-Oh
ExodiaAlexYu-Gi-Oh,Exodia,1000,Alex,ExodiaAlex,4,Yu-Gi-Oh
ExodiaAlexYu-Gi-Oh FFA,Exodia,1000,Alex,ExodiaAlex,4,Yu-Gi-Oh FFA
ExodiaAlexYu-Gi-Oh Team,Exodia,1000,Alex,ExodiaAlex,4,Yu-Gi-Oh Team
ExodiaAlexYu-Gi-Oh Tag Team,Exodia,1000,Alex,ExodiaAlex,4,Yu-Gi-Oh Tag Team
SliferRobertYu-Gi-Oh,Slifer,1033,Robert,SliferRobert,4,Yu-Gi-Oh
Realm of LightRobertYu-Gi-Oh,Realm of Light,914,Robert,RealmofLightRobert,5,Yu-Gi-Oh
SliferRobertYu-Gi-Oh,Slifer,1043,Robert,SliferRobert,4,Yu-Gi-Oh
Realm of LightRobertYu-Gi-Oh,Realm of Light,903,Robert,RealmofLightRobert,5,Yu-Gi-Oh
DinosaursRobertYu-Gi-Oh,Dinosaurs,1030,Robert,DinosaursRobert,4,Yu-Gi-Oh
SliferRobertYu-Gi-Oh,Slifer,1026,Robert,SliferRobert,4,Yu-Gi-Oh
DinosaursRobertYu-Gi-Oh,Dinosaurs,1039,Robert,DinosaursRobert,4,Yu-Gi-Oh
Realm of LightRobertYu-Gi-Oh,Realm of Light,893,Robert,RealmofLightRobert,5,Yu-Gi-Oh
Dark MagicianMatYu-Gi-Oh,Dark Magician,995,Mat,DarkMagicianMat,5,Yu-Gi-Oh
ExodiaAlexYu-Gi-Oh,Exodia,984,Alex,ExodiaAlex,5,Yu-Gi-Oh
Crystal BeastRobertYu-Gi-Oh,Crystal Beast,1118,Robert,CrystalBeastRobert,4,Yu-Gi-Oh
Odd EyesOllieYu-Gi-Oh,Odd Eyes,974,Ollie,OddEyesOllie,5,Yu-Gi-Oh
Noble KnightsAlexYu-Gi-Oh,Noble Knights,1004,Alex,NobleKnightsAlex,4,Yu-Gi-Oh
Dark MagicianMatYu-Gi-Oh,Dark Magician,979,Mat,DarkMagicianMat,5,Yu-Gi-Oh
Odd EyesOllieYu-Gi-Oh,Odd Eyes,985,Ollie,OddEyesOllie,5,Yu-Gi-Oh
Realm of LightRobertYu-Gi-Oh,Realm of Light,881,Robert,RealmofLightRobert,5,Yu-Gi-Oh
DinosaursRobertYu-Gi-Oh Team,Dinosaurs,1015,Robert,DinosaursRobert,4,Yu-Gi-Oh Team
Red EyesAlexYu-Gi-Oh Team,Red Eyes,1015,Alex,RedEyesAlex,4,Yu-Gi-Oh Team
Dark MagicianMatYu-Gi-Oh Team,Dark Magician,969,Mat,DarkMagicianMat,5,Yu-Gi-Oh Team
Odd EyesOllieYu-Gi-Oh Team,Odd Eyes,1013,Ollie,OddEyesOllie,4,Yu-Gi-Oh Team
Dark MagicianMatYu-Gi-Oh Team,Dark Magician,984,Mat,DarkMagicianMat,5,Yu-Gi-Oh Team
SliferOllieYu-Gi-Oh Team,Slifer,1015,Ollie,SliferOllie,4,Yu-Gi-Oh Team
Cyber DragonRobertYu-Gi-Oh Team,Cyber Dragon,984,Robert,CyberDragonRobert,5,Yu-Gi-Oh Team
Cyber DragonAlexYu-Gi-Oh Team,Cyber Dragon,999,Alex,CyberDragonAlex,5,Yu-Gi-Oh Team
Dark Magician DragonRobertYu-Gi-Oh Team,Dark Magician Dragon,1000,Robert,DarkMagicianDragonRobert,4,Yu-Gi-Oh Team
Dark MagicianMatYu-Gi-Oh Team,Dark Magician,999,Mat,DarkMagicianMat,5,Yu-Gi-Oh Team
SliferOllieYu-Gi-Oh Team,Slifer,999,Ollie,SliferOllie,5,Yu-Gi-Oh Team
Horus powered RaAlexYu-Gi-Oh Team,Horus powered Ra,984,Alex,HoruspoweredRaAlex,5,Yu-Gi-Oh Team
Dark MagicianMatYu-Gi-Oh,Dark Magician,996,Mat,DarkMagicianMat,5,Yu-Gi-Oh
DinosaursRobertYu-Gi-Oh,Dinosaurs,1021,Robert,DinosaursRobert,4,Yu-Gi-Oh
DinosaursRobertYu-Gi-Oh,Dinosaurs,1034,Robert,DinosaursRobert,4,Yu-Gi-Oh
Dark MagicianMatYu-Gi-Oh,Dark Magician,982,Mat,DarkMagicianMat,5,Yu-Gi-Oh
Dark MagicianMatYu-Gi-Oh,Dark Magician,999,Mat,DarkMagicianMat,5,Yu-Gi-Oh
DinosaursRobertYu-Gi-Oh,Dinosaurs,1016,Robert,DinosaursRobert,4,Yu-Gi-Oh
DinosaursRobertYu-Gi-Oh,Dinosaurs,1030,Robert,DinosaursRobert,4,Yu-Gi-Oh
Dark MagicianMatYu-Gi-Oh,Dark Magician,984,Mat,DarkMagicianMat,5,Yu-Gi-Oh
Dark MagicianMatYu-Gi-Oh,Dark Magician,1000,Mat,DarkMagicianMat,4,Yu-Gi-Oh
DinosaursRobertYu-Gi-Oh,Dinosaurs,1013,Robert,DinosaursRobert,4,Yu-Gi-Oh
DinosaursRobertYu-Gi-Oh,Dinosaurs,1027,Robert,DinosaursRobert,4,Yu-Gi-Oh
Dark MagicianMatYu-Gi-Oh,Dark Magician,985,Mat,DarkMagicianMat,5,Yu-Gi-Oh
DinosaursRobertYu-Gi-Oh,Dinosaurs,1036,Robert,DinosaursRobert,4,Yu-Gi-Oh
Realm of LightRobertYu-Gi-Oh,Realm of Light,871,Robert,RealmofLightRobert,5,Yu-Gi-Oh
DinosaursRobertYu-Gi-Oh,Dinosaurs,1049,Robert,DinosaursRobert,4,Yu-Gi-Oh
Dark Magician DragonRobertYu-Gi-Oh,Dark Magician Dragon,996,Robert,DarkMagicianDragonRobert,5,Yu-Gi-Oh
DinosaursRobertYu-Gi-Oh,Dinosaurs,1061,Robert,DinosaursRobert,4,Yu-Gi-Oh
Dark Magician DragonRobertYu-Gi-Oh,Dark Magician Dragon,983,Robert,DarkMagicianDragonRobert,5,Yu-Gi-Oh
DinosaursRobertYu-Gi-Oh,Dinosaurs,1072,Robert,DinosaursRobert,4,Yu-Gi-Oh
Dark Magician DragonRobertYu-Gi-Oh,Dark Magician Dragon,971,Robert,DarkMagicianDragonRobert,5,Yu-Gi-Oh
DinosaursRobertYu-Gi-Oh,Dinosaurs,1084,Robert,DinosaursRobert,4,Yu-Gi-Oh
Cyber DragonRobertYu-Gi-Oh,Cyber Dragon,997,Robert,CyberDragonRobert,5,Yu-Gi-Oh
Crystal BeastRobertYu-Gi-Oh,Crystal Beast,1131,Robert,CrystalBeastRobert,4,Yu-Gi-Oh
DinosaursRobertYu-Gi-Oh,Dinosaurs,1070,Robert,DinosaursRobert,4,Yu-Gi-Oh
DinosaursRobertYu-Gi-Oh,Dinosaurs,1087,Robert,DinosaursRobert,4,Yu-Gi-Oh
Crystal BeastRobertYu-Gi-Oh,Crystal Beast,1113,Robert,CrystalBeastRobert,4,Yu-Gi-Oh
Crystal BeastRobertYu-Gi-Oh,Crystal Beast,1126,Robert,CrystalBeastRobert,4,Yu-Gi-Oh
DinosaursRobertYu-Gi-Oh,Dinosaurs,1073,Robert,DinosaursRobert,4,Yu-Gi-Oh
SalamangreatRobertYu-Gi-Oh,Salamangreat,1000,Robert,SalamangreatRobert,4,Yu-Gi-Oh
SalamangreatRobertYu-Gi-Oh FFA,Salamangreat,1000,Robert,SalamangreatRobert,4,Yu-Gi-Oh FFA
SalamangreatRobertYu-Gi-Oh Team,Salamangreat,1000,Robert,SalamangreatRobert,4,Yu-Gi-Oh Team
SalamangreatRobertYu-Gi-Oh Tag Team,Salamangreat,1000,Robert,SalamangreatRobert,4,Yu-Gi-Oh Tag Team
TistinaRobertYu-Gi-Oh,Tistina,1000,Robert,TistinaRobert,4,Yu-Gi-Oh
TistinaRobertYu-Gi-Oh FFA,Tistina,1000,Robert,TistinaRobert,4,Yu-Gi-Oh FFA
TistinaRobertYu-Gi-Oh Team,Tistina,1000,Robert,TistinaRobert,4,Yu-Gi-Oh Team
TistinaRobertYu-Gi-Oh Tag Team,Tistina,1000,Robert,TistinaRobert,4,Yu-Gi-Oh Tag Team
Gunkan SushipRobertYu-Gi-Oh,Gunkan Suship,1000,Robert,GunkanSushipRobert,4,Yu-Gi-Oh
Gunkan SushipRobertYu-Gi-Oh FFA,Gunkan Suship,1000,Robert,GunkanSushipRobert,4,Yu-Gi-Oh FFA
Gunkan SushipRobertYu-Gi-Oh Team,Gunkan Suship,1000,Robert,GunkanSushipRobert,4,Yu-Gi-Oh Team
Gunkan SushipRobertYu-Gi-Oh Tag Team,Gunkan Suship,1000,Robert,GunkanSushipRobert,4,Yu-Gi-Oh Tag Team
Gunkan SushipRobertYu-Gi-Oh,Gunkan Suship,1015,Robert,GunkanSushipRobert,4,Yu-Gi-Oh
TistinaRobertYu-Gi-Oh,Tistina,985,Robert,TistinaRobert,5,Yu-Gi-Oh
DinosaursRobertYu-Gi-Oh,Dinosaurs,1085,Robert,DinosaursRobert,4,Yu-Gi-Oh
Gunkan SushipRobertYu-Gi-Oh,Gunkan Suship,1002,Robert,GunkanSushipRobert,4,Yu-Gi-Oh
Gunkan SushipRobertYu-Gi-Oh,Gunkan Suship,1020,Robert,GunkanSushipRobert,4,Yu-Gi-Oh
DinosaursRobertYu-Gi-Oh,Dinosaurs,1066,Robert,DinosaursRobert,4,Yu-Gi-Oh
SalamangreatRobertYu-Gi-Oh,Salamangreat,1015,Robert,SalamangreatRobert,4,Yu-Gi-Oh
Gunkan SushipRobertYu-Gi-Oh,Gunkan Suship,1004,Robert,GunkanSushipRobert,4,Yu-Gi-Oh
SalamangreatRobertYu-Gi-Oh,Salamangreat,1029,Robert,SalamangreatRobert,4,Yu-Gi-Oh
Gunkan SushipRobertYu-Gi-Oh,Gunkan Suship,989,Robert,GunkanSushipRobert,5,Yu-Gi-Oh
TistinaRobertYu-Gi-Oh,Tistina,995,Robert,TistinaRobert,5,Yu-Gi-Oh
Realm of LightRobertYu-Gi-Oh,Realm of Light,860,Robert,RealmofLightRobert,5,Yu-Gi-Oh
TistinaRobertYu-Gi-Oh,Tistina,1004,Robert,TistinaRobert,4,Yu-Gi-Oh
Realm of LightRobertYu-Gi-Oh,Realm of Light,850,Robert,RealmofLightRobert,5,Yu-Gi-Oh
HEROOllieYu-Gi-Oh,HERO,1000,Ollie,HEROOllie,4,Yu-Gi-Oh
HEROOllieYu-Gi-Oh FFA,HERO,1000,Ollie,HEROOllie,4,Yu-Gi-Oh FFA
HEROOllieYu-Gi-Oh Team,HERO,1000,Ollie,HEROOllie,4,Yu-Gi-Oh Team
HEROOllieYu-Gi-Oh Tag Team,HERO,1000,Ollie,HEROOllie,4,Yu-Gi-Oh Tag Team
TistinaRobertYu-Gi-Oh FFA,Tistina,1014,Robert,TistinaRobert,4,Yu-Gi-Oh FFA
Dark MagicianMatYu-Gi-Oh FFA,Dark Magician,999,Mat,DarkMagicianMat,5,Yu-Gi-Oh FFA
SliferRobertYu-Gi-Oh FFA,Slifer,969,Robert,SliferRobert,5,Yu-Gi-Oh FFA
HEROOllieYu-Gi-Oh FFA,HERO,985,Ollie,HEROOllie,5,Yu-Gi-Oh FFA
Gunkan SushipRobertYu-Gi-Oh FFA,Gunkan Suship,1014,Robert,GunkanSushipRobert,4,Yu-Gi-Oh FFA
Cyber DragonRobertYu-Gi-Oh FFA,Cyber Dragon,985,Robert,CyberDragonRobert,5,Yu-Gi-Oh FFA
Odd EyesOllieYu-Gi-Oh FFA,Odd Eyes,970,Ollie,OddEyesOllie,5,Yu-Gi-Oh FFA
Dark MagicianMatYu-Gi-Oh FFA,Dark Magician,984,Mat,DarkMagicianMat,5,Yu-Gi-Oh FFA
Noble KnightsAlexYu-Gi-Oh,Noble Knights,1018,Alex,NobleKnightsAlex,4,Yu-Gi-Oh
Gunkan SushipRobertYu-Gi-Oh,Gunkan Suship,974,Robert,GunkanSushipRobert,5,Yu-Gi-Oh
Gunkan SushipRobertYu-Gi-Oh,Gunkan Suship,990,Robert,GunkanSushipRobert,5,Yu-Gi-Oh
Noble KnightsAlexYu-Gi-Oh,Noble Knights,1001,Alex,NobleKnightsAlex,4,Yu-Gi-Oh
TistinaRobertYu-Gi-Oh,Tistina,1018,Robert,TistinaRobert,4,Yu-Gi-Oh
ExodiaAlexYu-Gi-Oh,Exodia,969,Alex,ExodiaAlex,5,Yu-Gi-Oh
ExodiaAlexYu-Gi-Oh,Exodia,986,Alex,ExodiaAlex,5,Yu-Gi-Oh
TistinaRobertYu-Gi-Oh,Tistina,1000,Robert,TistinaRobert,4,Yu-Gi-Oh
Crystal BeastVictoriaYu-Gi-Oh,Crystal Beast,1000,Victoria,CrystalBeastVictoria,4,Yu-Gi-Oh
Crystal BeastVictoriaYu-Gi-Oh FFA,Crystal Beast,1000,Victoria,CrystalBeastVictoria,4,Yu-Gi-Oh FFA
Crystal BeastVictoriaYu-Gi-Oh Team,Crystal Beast,1000,Victoria,CrystalBeastVictoria,4,Yu-Gi-Oh Team
Crystal BeastVictoriaYu-Gi-Oh Tag Team,Crystal Beast,1000,Victoria,CrystalBeastVictoria,4,Yu-Gi-Oh Tag Team
Crystal BeastVictoriaYu-Gi-Oh,Crystal Beast,1020,Victoria,CrystalBeastVictoria,4,Yu-Gi-Oh
Crystal BeastRobertYu-Gi-Oh,Crystal Beast,1105,Robert,CrystalBeastRobert,4,Yu-Gi-Oh
Blue EyesOllieYu-Gi-Oh,Blue Eyes,1016,Ollie,BlueEyesOllie,4,Yu-Gi-Oh
SalamangreatRobertYu-Gi-Oh,Salamangreat,1012,Robert,SalamangreatRobert,4,Yu-Gi-Oh
SalamangreatRobertYu-Gi-Oh,Salamangreat,1027,Robert,SalamangreatRobert,4,Yu-Gi-Oh
Blue EyesOllieYu-Gi-Oh,Blue Eyes,1000,Ollie,BlueEyesOllie,4,Yu-Gi-Oh
SalamangreatRobertYu-Gi-Oh,Salamangreat,1040,Robert,SalamangreatRobert,4,Yu-Gi-Oh
Blue EyesOllieYu-Gi-Oh,Blue Eyes,986,Ollie,BlueEyesOllie,5,Yu-Gi-Oh
Gunkan SushipRobertYu-Gi-Oh,Gunkan Suship,1004,Robert,GunkanSushipRobert,4,Yu-Gi-Oh
SliferOllieYu-Gi-Oh,Slifer,963,Ollie,SliferOllie,5,Yu-Gi-Oh
Gunkan SushipRobertYu-Gi-Oh,Gunkan Suship,1017,Robert,GunkanSushipRobert,4,Yu-Gi-Oh
SliferOllieYu-Gi-Oh,Slifer,949,Ollie,SliferOllie,5,Yu-Gi-Oh
Odd EyesOllieYu-Gi-Oh,Odd Eyes,1000,Ollie,OddEyesOllie,4,Yu-Gi-Oh
TistinaRobertYu-Gi-Oh,Tistina,984,Robert,TistinaRobert,5,Yu-Gi-Oh
TistinaRobertYu-Gi-Oh,Tistina,999,Robert,TistinaRobert,5,Yu-Gi-Oh
Odd EyesOllieYu-Gi-Oh,Odd Eyes,984,Ollie,OddEyesOllie,5,Yu-Gi-Oh
TistinaRobertYu-Gi-Oh,Tistina,1013,Robert,TistinaRobert,4,Yu-Gi-Oh
Odd EyesOllieYu-Gi-Oh,Odd Eyes,969,Ollie,OddEyesOllie,5,Yu-Gi-Oh
Blue EyesOllieYu-Gi-Oh,Blue Eyes,1000,Ollie,BlueEyesOllie,4,Yu-Gi-Oh
Dark MagicianMatYu-Gi-Oh,Dark Magician,970,Mat,DarkMagicianMat,5,Yu-Gi-Oh
Blue EyesOllieYu-Gi-Oh,Blue Eyes,1013,Ollie,BlueEyesOllie,4,Yu-Gi-Oh
Dark MagicianMatYu-Gi-Oh,Dark Magician,956,Mat,DarkMagicianMat,5,Yu-Gi-Oh
Dark MagicianMatYu-Gi-Oh,Dark Magician,973,Mat,DarkMagicianMat,5,Yu-Gi-Oh
Blue EyesOllieYu-Gi-Oh,Blue Eyes,995,Ollie,BlueEyesOllie,5,Yu-Gi-Oh
Horus powered RaAlexYu-Gi-Oh,Horus powered Ra,1014,Alex,HoruspoweredRaAlex,4,Yu-Gi-Oh
Odd EyesRobertYu-Gi-Oh,Odd Eyes,970,Robert,OddEyesRobert,5,Yu-Gi-Oh
Ancient GearAlexYu-Gi-Oh,Ancient Gear,1000,Alex,AncientGearAlex,4,Yu-Gi-Oh
Ancient GearAlexYu-Gi-Oh FFA,Ancient Gear,1000,Alex,AncientGearAlex,4,Yu-Gi-Oh FFA
Ancient GearAlexYu-Gi-Oh Team,Ancient Gear,1000,Alex,AncientGearAlex,4,Yu-Gi-Oh Team
Ancient GearAlexYu-Gi-Oh Tag Team,Ancient Gear,1000,Alex,AncientGearAlex,4,Yu-Gi-Oh Tag Team
LibromancerMatYu-Gi-Oh,Libromancer,1000,Mat,LibromancerMat,4,Yu-Gi-Oh
LibromancerMatYu-Gi-Oh FFA,Libromancer,1000,Mat,LibromancerMat,4,Yu-Gi-Oh FFA
LibromancerMatYu-Gi-Oh Team,Libromancer,1000,Mat,LibromancerMat,4,Yu-Gi-Oh Team
LibromancerMatYu-Gi-Oh Tag Team,Libromancer,1000,Mat,LibromancerMat,4,Yu-Gi-Oh Tag Team
NouvellesRobertYu-Gi-Oh,Nouvelles,1000,Robert,NouvellesRobert,4,Yu-Gi-Oh
NouvellesRobertYu-Gi-Oh FFA,Nouvelles,1000,Robert,NouvellesRobert,4,Yu-Gi-Oh FFA
NouvellesRobertYu-Gi-Oh Team,Nouvelles,1000,Robert,NouvellesRobert,4,Yu-Gi-Oh Team
NouvellesRobertYu-Gi-Oh Tag Team,Nouvelles,1000,Robert,NouvellesRobert,4,Yu-Gi-Oh Tag Team
NordicRobertYu-Gi-Oh,Nordic,1000,Robert,NordicRobert,4,Yu-Gi-Oh
NordicRobertYu-Gi-Oh FFA,Nordic,1000,Robert,NordicRobert,4,Yu-Gi-Oh FFA
NordicRobertYu-Gi-Oh Team,Nordic,1000,Robert,NordicRobert,4,Yu-Gi-Oh Team
NordicRobertYu-Gi-Oh Tag Team,Nordic,1000,Robert,NordicRobert,4,Yu-Gi-Oh Tag Team
Ice BarrierRobertYu-Gi-Oh,Ice Barrier,1000,Robert,IceBarrierRobert,4,Yu-Gi-Oh
Ice BarrierRobertYu-Gi-Oh FFA,Ice Barrier,1000,Robert,IceBarrierRobert,4,Yu-Gi-Oh FFA
Ice BarrierRobertYu-Gi-Oh Team,Ice Barrier,1000,Robert,IceBarrierRobert,4,Yu-Gi-Oh Team
Ice BarrierRobertYu-Gi-Oh Tag Team,Ice Barrier,1000,Robert,IceBarrierRobert,4,Yu-Gi-Oh Tag Team
Blue EyesOllieYu-Gi-Oh Team,Blue Eyes,1015,Ollie,BlueEyesOllie,4,Yu-Gi-Oh Team
Ancient GearAlexYu-Gi-Oh Team,Ancient Gear,1015,Alex,AncientGearAlex,4,Yu-Gi-Oh Team
LibromancerMatYu-Gi-Oh Team,Libromancer,985,Mat,LibromancerMat,5,Yu-Gi-Oh Team
NouvellesRobertYu-Gi-Oh Team,Nouvelles,985,Robert,NouvellesRobert,5,Yu-Gi-Oh Team
Ancient GearAlexYu-Gi-Oh,Ancient Gear,1015,Alex,AncientGearAlex,4,Yu-Gi-Oh
NouvellesRobertYu-Gi-Oh,Nouvelles,985,Robert,NouvellesRobert,5,Yu-Gi-Oh
Ancient GearAlexYu-Gi-Oh,Ancient Gear,1029,Alex,AncientGearAlex,4,Yu-Gi-Oh
NordicRobertYu-Gi-Oh,Nordic,985,Robert,NordicRobert,5,Yu-Gi-Oh
LibromancerMatYu-Gi-Oh,Libromancer,1014,Mat,LibromancerMat,4,Yu-Gi-Oh
Blue EyesOllieYu-Gi-Oh,Blue Eyes,980,Ollie,BlueEyesOllie,5,Yu-Gi-Oh
ExodiaAlexYu-Gi-Oh FFA,Exodia,1015,Alex,ExodiaAlex,4,Yu-Gi-Oh FFA
NordicRobertYu-Gi-Oh FFA,Nordic,985,Robert,NordicRobert,5,Yu-Gi-Oh FFA
LibromancerMatYu-Gi-Oh FFA,Libromancer,985,Mat,LibromancerMat,5,Yu-Gi-Oh FFA
Blue EyesOllieYu-Gi-Oh FFA,Blue Eyes,985,Ollie,BlueEyesOllie,5,Yu-Gi-Oh FFA
TistinaRobertYu-Gi-Oh FFA,Tistina,1028,Robert,TistinaRobert,4,Yu-Gi-Oh FFA
Red EyesAlexYu-Gi-Oh FFA,Red Eyes,985,Alex,RedEyesAlex,5,Yu-Gi-Oh FFA
LibromancerMatYu-Gi-Oh FFA,Libromancer,970,Mat,LibromancerMat,5,Yu-Gi-Oh FFA
Dark Magician DragonOllieYu-Gi-Oh FFA,Dark Magician Dragon,985,Ollie,DarkMagicianDragonOllie,5,Yu-Gi-Oh FFA
LibromancerMatYu-Gi-Oh,Libromancer,1027,Mat,LibromancerMat,4,Yu-Gi-Oh
Blue EyesOllieYu-Gi-Oh,Blue Eyes,966,Ollie,BlueEyesOllie,5,Yu-Gi-Oh
LibromancerMatYu-Gi-Oh,Libromancer,1039,Mat,LibromancerMat,4,Yu-Gi-Oh
Blue EyesOllieYu-Gi-Oh,Blue Eyes,953,Ollie,BlueEyesOllie,5,Yu-Gi-Oh
Dark MagicianMatYu-Gi-Oh,Dark Magician,987,Mat,DarkMagicianMat,5,Yu-Gi-Oh
Blue EyesOllieYu-Gi-Oh,Blue Eyes,938,Ollie,BlueEyesOllie,5,Yu-Gi-Oh
TistinaRobertYu-Gi-Oh,Tistina,1024,Robert,TistinaRobert,4,Yu-Gi-Oh
Blue EyesOllieYu-Gi-Oh,Blue Eyes,926,Ollie,BlueEyesOllie,5,Yu-Gi-Oh
Blue EyesOllieYu-Gi-Oh,Blue Eyes,945,Ollie,BlueEyesOllie,5,Yu-Gi-Oh
TistinaRobertYu-Gi-Oh,Tistina,1004,Robert,TistinaRobert,4,Yu-Gi-Oh
TistinaRobertYu-Gi-Oh,Tistina,1016,Robert,TistinaRobert,4,Yu-Gi-Oh
Blue EyesOllieYu-Gi-Oh,Blue Eyes,932,Ollie,BlueEyesOllie,5,Yu-Gi-Oh
TistinaRobertYu-Gi-Oh,Tistina,1027,Robert,TistinaRobert,4,Yu-Gi-Oh
Blue EyesOllieYu-Gi-Oh,Blue Eyes,920,Ollie,BlueEyesOllie,5,Yu-Gi-Oh
TistinaRobertYu-Gi-Oh,Tistina,1037,Robert,TistinaRobert,4,Yu-Gi-Oh
Blue EyesOllieYu-Gi-Oh,Blue Eyes,909,Ollie,BlueEyesOllie,5,Yu-Gi-Oh
TistinaRobertYu-Gi-Oh FFA,Tistina,1040,Robert,TistinaRobert,4,Yu-Gi-Oh FFA
LibromancerMatYu-Gi-Oh FFA,Libromancer,957,Mat,LibromancerMat,5,Yu-Gi-Oh FFA
Dark Magician DragonOllieYu-Gi-Oh FFA,Dark Magician Dragon,972,Ollie,DarkMagicianDragonOllie,5,Yu-Gi-Oh FFA
NouvellesRobertYu-Gi-Oh FFA,Nouvelles,1014,Robert,NouvellesRobert,4,Yu-Gi-Oh FFA
LibromancerMatYu-Gi-Oh FFA,Libromancer,942,Mat,LibromancerMat,5,Yu-Gi-Oh FFA
Cyber DragonOllieYu-Gi-Oh FFA,Cyber Dragon,985,Ollie,CyberDragonOllie,5,Yu-Gi-Oh FFA
Gunkan SushipRobertYu-Gi-Oh FFA,Gunkan Suship,1027,Robert,GunkanSushipRobert,4,Yu-Gi-Oh FFA
LibromancerMatYu-Gi-Oh FFA,Libromancer,928,Mat,LibromancerMat,5,Yu-Gi-Oh FFA
SliferOllieYu-Gi-Oh FFA,Slifer,986,Ollie,SliferOllie,5,Yu-Gi-Oh FFA
Crimson KingMatt WYu-Gi-Oh,Crimson King,1000,Matt W,CrimsonKingMattW,4,Yu-Gi-Oh
Crimson KingMatt WYu-Gi-Oh FFA,Crimson King,1000,Matt W,CrimsonKingMattW,4,Yu-Gi-Oh FFA
Crimson KingMatt WYu-Gi-Oh Team,Crimson King,1000,Matt W,CrimsonKingMattW,4,Yu-Gi-Oh Team
Crimson KingMatt WYu-Gi-Oh Tag Team,Crimson King,1000,Matt W,CrimsonKingMattW,4,Yu-Gi-Oh Tag Team
Chaos SynchroMatYu-Gi-Oh,Chaos Synchro,1000,Mat,ChaosSynchroMat,4,Yu-Gi-Oh
Chaos SynchroMatYu-Gi-Oh FFA,Chaos Synchro,1000,Mat,ChaosSynchroMat,4,Yu-Gi-Oh FFA
Chaos SynchroMatYu-Gi-Oh Team,Chaos Synchro,1000,Mat,ChaosSynchroMat,4,Yu-Gi-Oh Team
Chaos SynchroMatYu-Gi-Oh Tag Team,Chaos Synchro,1000,Mat,ChaosSynchroMat,4,Yu-Gi-Oh Tag Team
Ice BarrierRobertYu-Gi-Oh FFA,Ice Barrier,1014,Robert,IceBarrierRobert,4,Yu-Gi-Oh FFA
Crimson KingMatt WYu-Gi-Oh FFA,Crimson King,985,Matt W,CrimsonKingMattW,5,Yu-Gi-Oh FFA
Chaos SynchroMatYu-Gi-Oh FFA,Chaos Synchro,985,Mat,ChaosSynchroMat,5,Yu-Gi-Oh FFA
Cyber DragonOllieYu-Gi-Oh FFA,Cyber Dragon,970,Ollie,CyberDragonOllie,5,Yu-Gi-Oh FFA
Crimson KingMatt WYu-Gi-Oh FFA,Crimson King,1000,Matt W,CrimsonKingMattW,4,Yu-Gi-Oh FFA
Crystal BeastRobertYu-Gi-Oh FFA,Crystal Beast,984,Robert,CrystalBeastRobert,5,Yu-Gi-Oh FFA
Dark Magician DragonOllieYu-Gi-Oh FFA,Dark Magician Dragon,956,Ollie,DarkMagicianDragonOllie,5,Yu-Gi-Oh FFA
Chaos SynchroMatYu-Gi-Oh FFA,Chaos Synchro,969,Mat,ChaosSynchroMat,5,Yu-Gi-Oh FFA
Crystal BeastRobertYu-Gi-Oh,Crystal Beast,1115,Robert,CrystalBeastRobert,4,Yu-Gi-Oh
Crimson KingMatt WYu-Gi-Oh,Crimson King,989,Matt W,CrimsonKingMattW,5,Yu-Gi-Oh
Crystal BeastRobertYu-Gi-Oh,Crystal Beast,1124,Robert,CrystalBeastRobert,4,Yu-Gi-Oh
Crimson KingMatt WYu-Gi-Oh,Crimson King,979,Matt W,CrimsonKingMattW,5,Yu-Gi-Oh
NouvellesRobertYu-Gi-Oh,Nouvelles,999,Robert,NouvellesRobert,5,Yu-Gi-Oh
Crimson KingMatt WYu-Gi-Oh,Crimson King,964,Matt W,CrimsonKingMattW,5,Yu-Gi-Oh
Ancient GearAlexYu-Gi-Oh,Ancient Gear,1044,Alex,AncientGearAlex,4,Yu-Gi-Oh
LibromancerMatYu-Gi-Oh,Libromancer,1023,Mat,LibromancerMat,4,Yu-Gi-Oh
LibromancerMatYu-Gi-Oh,Libromancer,1038,Mat,LibromancerMat,4,Yu-Gi-Oh
Ancient GearAlexYu-Gi-Oh,Ancient Gear,1028,Alex,AncientGearAlex,4,Yu-Gi-Oh
Ancient GearAlexYu-Gi-Oh,Ancient Gear,1043,Alex,AncientGearAlex,4,Yu-Gi-Oh
LibromancerMatYu-Gi-Oh,Libromancer,1022,Mat,LibromancerMat,4,Yu-Gi-Oh
LibromancerMatYu-Gi-Oh,Libromancer,1032,Mat,LibromancerMat,4,Yu-Gi-Oh
Blue EyesOllieYu-Gi-Oh,Blue Eyes,898,Ollie,BlueEyesOllie,5,Yu-Gi-Oh
LibromancerMatYu-Gi-Oh,Libromancer,1041,Mat,LibromancerMat,4,Yu-Gi-Oh
Blue EyesOllieYu-Gi-Oh,Blue Eyes,888,Ollie,BlueEyesOllie,5,Yu-Gi-Oh
Gunkan SushipRobertYu-Gi-Oh,Gunkan Suship,1033,Robert,GunkanSushipRobert,4,Yu-Gi-Oh
Ancient GearAlexYu-Gi-Oh,Ancient Gear,1026,Alex,AncientGearAlex,4,Yu-Gi-Oh
Ancient GearAlexYu-Gi-Oh,Ancient Gear,1041,Alex,AncientGearAlex,4,Yu-Gi-Oh
Gunkan SushipRobertYu-Gi-Oh,Gunkan Suship,1017,Robert,GunkanSushipRobert,4,Yu-Gi-Oh
Ancient GearAlexYu-Gi-Oh,Ancient Gear,1054,Alex,AncientGearAlex,4,Yu-Gi-Oh
Gunkan SushipRobertYu-Gi-Oh,Gunkan Suship,1003,Robert,GunkanSushipRobert,4,Yu-Gi-Oh
Gunkan SushipRobertYu-Gi-Oh,Gunkan Suship,1019,Robert,GunkanSushipRobert,4,Yu-Gi-Oh
LibromancerMatYu-Gi-Oh,Libromancer,1024,Mat,LibromancerMat,4,Yu-Gi-Oh
LibromancerMatYu-Gi-Oh,Libromancer,1038,Mat,LibromancerMat,4,Yu-Gi-Oh
Gunkan SushipRobertYu-Gi-Oh,Gunkan Suship,1004,Robert,GunkanSushipRobert,4,Yu-Gi-Oh
Gunkan SushipRobertYu-Gi-Oh,Gunkan Suship,1020,Robert,GunkanSushipRobert,4,Yu-Gi-Oh
LibromancerMatYu-Gi-Oh,Libromancer,1021,Mat,LibromancerMat,4,Yu-Gi-Oh
LibromancerMatYu-Gi-Oh FFA,Libromancer,946,Mat,LibromancerMat,5,Yu-Gi-Oh FFA
HEROOllieYu-Gi-Oh FFA,HERO,966,Ollie,HEROOllie,5,Yu-Gi-Oh FFA
Gunkan SushipRobertYu-Gi-Oh FFA,Gunkan Suship,1008,Robert,GunkanSushipRobert,4,Yu-Gi-Oh FFA
LibromancerMatYu-Gi-Oh FFA,Libromancer,962,Mat,LibromancerMat,5,Yu-Gi-Oh FFA
Gunkan SushipRobertYu-Gi-Oh FFA,Gunkan Suship,991,Robert,GunkanSushipRobert,5,Yu-Gi-Oh FFA
HEROOllieYu-Gi-Oh FFA,HERO,949,Ollie,HEROOllie,5,Yu-Gi-Oh FFA
TistinaRobertYu-Gi-Oh FFA,Tistina,1051,Robert,TistinaRobert,4,Yu-Gi-Oh FFA
HEROOllieYu-Gi-Oh FFA,HERO,937,Ollie,HEROOllie,5,Yu-Gi-Oh FFA
LibromancerMatYu-Gi-Oh FFA,Libromancer,950,Mat,LibromancerMat,5,Yu-Gi-Oh FFA
Gimmick PuppetRobertYu-Gi-Oh,Gimmick Puppet,1000,Robert,GimmickPuppetRobert,4,Yu-Gi-Oh
Gimmick PuppetRobertYu-Gi-Oh FFA,Gimmick Puppet,1000,Robert,GimmickPuppetRobert,4,Yu-Gi-Oh FFA
Gimmick PuppetRobertYu-Gi-Oh Team,Gimmick Puppet,1000,Robert,GimmickPuppetRobert,4,Yu-Gi-Oh Team
Gimmick PuppetRobertYu-Gi-Oh Tag Team,Gimmick Puppet,1000,Robert,GimmickPuppetRobert,4,Yu-Gi-Oh Tag Team
Beetrooper InsectsRobertYu-Gi-Oh,Beetrooper Insects,1000,Robert,BeetrooperInsectsRobert,4,Yu-Gi-Oh
Beetrooper InsectsRobertYu-Gi-Oh FFA,Beetrooper Insects,1000,Robert,BeetrooperInsectsRobert,4,Yu-Gi-Oh FFA
Beetrooper InsectsRobertYu-Gi-Oh Team,Beetrooper Insects,1000,Robert,BeetrooperInsectsRobert,4,Yu-Gi-Oh Team
Beetrooper InsectsRobertYu-Gi-Oh Tag Team,Beetrooper Insects,1000,Robert,BeetrooperInsectsRobert,4,Yu-Gi-Oh Tag Team
Dark Crystal BeastRobertYu-Gi-Oh,Dark Crystal Beast,1000,Robert,DarkCrystalBeastRobert,4,Yu-Gi-Oh
Dark Crystal BeastRobertYu-Gi-Oh FFA,Dark Crystal Beast,1000,Robert,DarkCrystalBeastRobert,4,Yu-Gi-Oh FFA
Dark Crystal BeastRobertYu-Gi-Oh Team,Dark Crystal Beast,1000,Robert,DarkCrystalBeastRobert,4,Yu-Gi-Oh Team
Dark Crystal BeastRobertYu-Gi-Oh Tag Team,Dark Crystal Beast,1000,Robert,DarkCrystalBeastRobert,4,Yu-Gi-Oh Tag Team
ExodiaMatYu-Gi-Oh,Exodia,1000,Mat,ExodiaMat,4,Yu-Gi-Oh
ExodiaMatYu-Gi-Oh FFA,Exodia,1000,Mat,ExodiaMat,4,Yu-Gi-Oh FFA
ExodiaMatYu-Gi-Oh Team,Exodia,1000,Mat,ExodiaMat,4,Yu-Gi-Oh Team
ExodiaMatYu-Gi-Oh Tag Team,Exodia,1000,Mat,ExodiaMat,4,Yu-Gi-Oh Tag Team
Gimmick PuppetRobertYu-Gi-Oh,Gimmick Puppet,1015,Robert,GimmickPuppetRobert,4,Yu-Gi-Oh
Beetrooper InsectsRobertYu-Gi-Oh,Beetrooper Insects,985,Robert,BeetrooperInsectsRobert,5,Yu-Gi-Oh
BrandedRobertYu-Gi-Oh,Branded,1000,Robert,BrandedRobert,4,Yu-Gi-Oh
BrandedRobertYu-Gi-Oh FFA,Branded,1000,Robert,BrandedRobert,4,Yu-Gi-Oh FFA
BrandedRobertYu-Gi-Oh Team,Branded,1000,Robert,BrandedRobert,4,Yu-Gi-Oh Team
BrandedRobertYu-Gi-Oh Tag Team,Branded,1000,Robert,BrandedRobert,4,Yu-Gi-Oh Tag Team
BrandedRobertYu-Gi-Oh,Branded,1015,Robert,BrandedRobert,4,Yu-Gi-Oh
ExodiaMatYu-Gi-Oh,Exodia,985,Mat,ExodiaMat,5,Yu-Gi-Oh
BrandedRobertYu-Gi-Oh,Branded,1028,Robert,BrandedRobert,4,Yu-Gi-Oh
ExodiaMatYu-Gi-Oh,Exodia,971,Mat,ExodiaMat,5,Yu-Gi-Oh
SalamangreatRobertYu-Gi-Oh,Salamangreat,1052,Robert,SalamangreatRobert,4,Yu-Gi-Oh
ExodiaMatYu-Gi-Oh,Exodia,958,Mat,ExodiaMat,5,Yu-Gi-Oh
SalamangreatRobertYu-Gi-Oh,Salamangreat,1063,Robert,SalamangreatRobert,4,Yu-Gi-Oh
ExodiaMatYu-Gi-Oh,Exodia,946,Mat,ExodiaMat,5,Yu-Gi-Oh
SalamangreatRobertYu-Gi-Oh,Salamangreat,1076,Robert,SalamangreatRobert,4,Yu-Gi-Oh
Gunkan SushipRobertYu-Gi-Oh,Gunkan Suship,1006,Robert,GunkanSushipRobert,4,Yu-Gi-Oh
Gunkan SushipRobertYu-Gi-Oh,Gunkan Suship,1023,Robert,GunkanSushipRobert,4,Yu-Gi-Oh
SalamangreatRobertYu-Gi-Oh,Salamangreat,1058,Robert,SalamangreatRobert,4,Yu-Gi-Oh
DinosaursRobertYu-Gi-Oh,Dinosaurs,1079,Robert,DinosaursRobert,4,Yu-Gi-Oh
LibromancerMatYu-Gi-Oh,Libromancer,1007,Mat,LibromancerMat,4,Yu-Gi-Oh
DinosaursRobertYu-Gi-Oh,Dinosaurs,1093,Robert,DinosaursRobert,4,Yu-Gi-Oh
SalamangreatRobertYu-Gi-Oh,Salamangreat,1043,Robert,SalamangreatRobert,4,Yu-Gi-Oh
SalamangreatRobertYu-Gi-Oh,Salamangreat,1060,Robert,SalamangreatRobert,4,Yu-Gi-Oh
DinosaursRobertYu-Gi-Oh,Dinosaurs,1075,Robert,DinosaursRobert,4,Yu-Gi-Oh
DinosaursRobertYu-Gi-Oh,Dinosaurs,1089,Robert,DinosaursRobert,4,Yu-Gi-Oh
SalamangreatRobertYu-Gi-Oh,Salamangreat,1045,Robert,SalamangreatRobert,4,Yu-Gi-Oh
Beetrooper InsectsRobertYu-Gi-Oh,Beetrooper Insects,998,Robert,BeetrooperInsectsRobert,5,Yu-Gi-Oh
Dark WorldMatYu-Gi-Oh,Dark World,941,Mat,DarkWorldMat,5,Yu-Gi-Oh
Blue Eyes SynchroRobertYu-Gi-Oh,Blue Eyes Synchro,1000,Robert,BlueEyesSynchroRobert,4,Yu-Gi-Oh
Blue Eyes SynchroRobertYu-Gi-Oh FFA,Blue Eyes Synchro,1000,Robert,BlueEyesSynchroRobert,4,Yu-Gi-Oh FFA
Blue Eyes SynchroRobertYu-Gi-Oh Team,Blue Eyes Synchro,1000,Robert,BlueEyesSynchroRobert,4,Yu-Gi-Oh Team
Blue Eyes SynchroRobertYu-Gi-Oh Tag Team,Blue Eyes Synchro,1000,Robert,BlueEyesSynchroRobert,4,Yu-Gi-Oh Tag Team
Blue Eyes SynchroRobertYu-Gi-Oh,Blue Eyes Synchro,1012,Robert,BlueEyesSynchroRobert,4,Yu-Gi-Oh
Dark WorldMatYu-Gi-Oh,Dark World,928,Mat,DarkWorldMat,5,Yu-Gi-Oh
Dark MagicianMatYu-Gi-Oh,Dark Magician,1003,Mat,DarkMagicianMat,4,Yu-Gi-Oh
Gunkan SushipRobertYu-Gi-Oh,Gunkan Suship,1006,Robert,GunkanSushipRobert,4,Yu-Gi-Oh
Gunkan SushipRobertYu-Gi-Oh,Gunkan Suship,1020,Robert,GunkanSushipRobert,4,Yu-Gi-Oh
Dark MagicianMatYu-Gi-Oh,Dark Magician,988,Mat,DarkMagicianMat,5,Yu-Gi-Oh
DinosaursRobertYu-Gi-Oh,Dinosaurs,1102,Robert,DinosaursRobert,4,Yu-Gi-Oh
Ancient GearAlexYu-Gi-Oh,Ancient Gear,1040,Alex,AncientGearAlex,4,Yu-Gi-Oh
DinosaursRobertYu-Gi-Oh,Dinosaurs,1114,Robert,DinosaursRobert,4,Yu-Gi-Oh
Ancient GearAlexYu-Gi-Oh,Ancient Gear,1027,Alex,AncientGearAlex,4,Yu-Gi-Oh
NemleriaRobertYu-Gi-Oh,Nemleria,1000,Robert,NemleriaRobert,4,Yu-Gi-Oh
NemleriaRobertYu-Gi-Oh FFA,Nemleria,1000,Robert,NemleriaRobert,4,Yu-Gi-Oh FFA
NemleriaRobertYu-Gi-Oh Team,Nemleria,1000,Robert,NemleriaRobert,4,Yu-Gi-Oh Team
NemleriaRobertYu-Gi-Oh Tag Team,Nemleria,1000,Robert,NemleriaRobert,4,Yu-Gi-Oh Tag Team
DinosaursRobertYu-Gi-Oh,Dinosaurs,1124,Robert,DinosaursRobert,4,Yu-Gi-Oh
NemleriaRobertYu-Gi-Oh,Nemleria,989,Robert,NemleriaRobert,5,Yu-Gi-Oh
NemleriaRobertYu-Gi-Oh,Nemleria,1009,Robert,NemleriaRobert,4,Yu-Gi-Oh
DinosaursRobertYu-Gi-Oh,Dinosaurs,1103,Robert,DinosaursRobert,4,Yu-Gi-Oh
DinosaursRobertYu-Gi-Oh,Dinosaurs,1114,Robert,DinosaursRobert,4,Yu-Gi-Oh
NemleriaRobertYu-Gi-Oh,Nemleria,997,Robert,NemleriaRobert,5,Yu-Gi-Oh
